ID,Title,Weight [gram/serving],CO2-Value [gram CO2/serving],CO₂ rating,FAT,WATER,ENERC,PROT
4300175162708,K Classic - Junger Gemüsemais,100,9.000,20.812,3.4802523625975725,52.999834176324100,765.655519771466,8.60119512470543
4388840231829,ja! Gemüsemais,100,17.000,37.941,2.312596592771837,35.218430891495200,1070.401621322562,5.715417293564683
8851613101392,Aroy-D - Kokosnussmilch,100,35.000,47.490,25.2,33.860000195221700,1230,5.34
4003994111000,Kelloggs Cornflakes Die Originalen 375 g,100,29.000,50.203,2.3056103034586837,10.145873286948300,1458.792557381658,7.147391908093416
4005009100542,Tortilla Chips Meersalz,100,55.000,53.102,25.168000000000003,5.083,1918.4,13.321000000000002
4009790005628,Meienburg Sonnenblumenkerne,100,92.000,57.100,53,4.5,2590,21.3
7610169013310,Migros Engagement Bio Pumpernickel,100,22.000,58.462,1.0688265077847958,45.205247915514100,861.348420979512,5.344132538923979
4305399028052,Naturkind - Pumpernickel,100,22.000,58.465,1.05401200309993,44.94311635560910,862.4146980719913,5.318314207940918
8690777653008,Sera Ajvar,100,44.000,61.076,11.526800045126134,22.286400028084000,1276.5239995614781,12.058200004007881
4009249020240,Lieken Urkorn – Kleines Kerni mit Sonnenblumenkernen,100,30.000,64.721,5.765990925744249,45.06401691906250,956.8634930944155,6.286966528588903
4071800000824,Harry - Das volle Korn,100,27.000,66.907,1.1215157232649562,40.06150383527210,935.5690113255383,5.691214285633489
4012860003110,Bautz'ner - Senf mittelscharf,100,20.000,67.115,6.659617578430964,80.27022264174860,394.33401117545475,4.79494421432456
4260397980088,Berioo Bio Kakao-Nibs,100,74.000,67.140,24.5,5.1,1690,19.8
4311527608225,Edeka Ackergold Mehligkochend,100,11.000,67.383,0.1,78.7,320,2
7610632971826,Bio Kartoffeln festkochend,100,11.000,67.383,0.1,78.7,320,2
4023900540946,Bamboo Garden Asia Kokosmilch fettreduziert,100,49.000,69.502,25.200001000000935,53.85512005966210,1230.0148000138488,5.340004000003742
8697420843922,Çekirdeko Salzige Sonnenblumenkerne,100,85.000,70.172,37.982970009777794,3.2533031706230600,1856.1489117985752,15.264853985061642
4305615183169,enerBio Dinkel-Vollkornbrot,100,20.000,70.306,1.3120120350436713,46.566714784748400,271.4040317396297,5.680167487691084
29005017,Diadem - Raffinade Zucker,100,34.000,70.345,0,0,1700,0
4000412010105,Grafschafter – Goldsaft Zuckerrübensirup,100,34.000,70.345,0,0,1700,0
7610200340689,Bio Zucker Feinkristall,100,34.000,70.345,0,0,1700,0
4388844029293,Rewe Bio Pumpernickel,100,20.000,70.822,1.380181125081141,44.917226313525300,215.81013955814203,5.897137534437603
4009077020122,Em-Eukal Wildkirsch Kinder Hustenbonbons 75 g,100,34.000,71.029,0.0005833880718876999,2.0935485953721300,1654.0821627564894,0.3659254291226875
4316268432429,Botato Kartoffel Wedges,100,20.000,71.343,4.032246325534036,70.48592285671840,512.6668900507628,3.5011007259687315
7610200010186,Gelvite,100,35.000,72.555,0.2653457621293122,0,1675.8112153993313,0
4008407016415,Märsch Blaumohn,100,92.000,73.145,35.6,5.2,1911,19.2
4006544416006,Südzucker – Gelierzucker 2+1,100,35.000,73.210,0,0,1668.4577810083395,0
4032600122055,Pfanni Kartoffel Püree besonders locker 3 x 80 g,100,12.000,73.344,0.099,77.913,316.8,1.98
4000417020000,Ritter Sport Halbbitter-Schokolade,100,49.000,74.167,16.1849994199968,0.6630000000000000,1371.2300268647452,2.5740000000000003
4071800039237,Harry Dinkel Vollkorn,100,39.000,74.978,7.647524813293879,37.78981922643400,945.8506655090245,7.723318543050096
4388844014473,"Rewe Bio – Pfeffer, schwarz, ganz",100,32.000,75.380,3.26,10.5,76,11
4000462817044,GOLD PUDER - Weich-Weizen Grieß,100,50.000,75.402,1.2,11,1490,12.6
4018722341154,"ALB-GOLD Fit 'n' Free Bio Buchweizen Pasta glutenfrei,",100,50.000,75.404,2.8,12,1450,12
4005009106780,Leinsamen,100,92.000,75.626,33.6,6.4,1950,17.9
5010029000504,Weetabix,100,49.000,75.905,1.0450000000000002,1.0764874787493600,1454.0053741288918,11.120675526637992
4005500087762,Thomy - Delikatess-Senf mittelscharf,100,28.000,76.084,8.36395685791848,73.58364195854740,501.15063839820687,6.044450027779745
4012367012608,Kathi Weizenmehl - Type 405,100,50.000,76.086,1.1,0,1470,11.5
4008400395029,tic tac Fresh Mint 100er Box 49 g,100,37.000,76.168,0.550375820309606,0.045766575684984300,1666.4781556954028,0.09718237161592982
4316268413428,Korn Mühle - Roggenkraftbrot,100,31.000,76.635,1.1332087293383133,39.69022688237790,926.3229767433891,5.793965492895165
9000452031141,Vollkorn Zahlennudeln,100,51.000,76.910,1.2,11,1490,12.6
4104420094963,ALNATURA Dinkel Drink Natur,100,9.000,78.297,1.646551776076742,92.20412097068290,157.3089628708309,0.984876114509773
4005009101310,Kokosmilch,100,57.000,78.312,25.2,39.57428571428570,1230,5.34
4008258510001,Chia-Samen,100,92.000,78.326,30.74,5.8,2034,16.54
8076808060654,Barilla Nudeln Farfalle 500 g,100,52.000,78.418,1.2,11,1490,12.6
4316268499583,Kornmühle Schokochips,100,51.000,78.898,3.3009791147896976,1.542139291350210,1514.655755153558,9.113599879296448
29039210,Mauritius - Schoko & Gelee,100,39.000,79.357,3.5842789688081864,2.6359974479539600,1518.900586506029,0.043397012215506715
4104420021037,Alnatura Ahornsirup Grad C,100,34.000,79.837,0,13,1480,0
4311501306475,EDEKA Gelee-Bananen,100,43.000,80.051,7.927738530973606,11.66252494563050,1547.796573478106,0.31642362812034164
7622300002848,SUCHARD Kakao Express,100,41.000,80.576,4.56,21.31814400959800,1324.0366734791453,3.9890000000000003
4005009101204,Kartoffelpüree,100,14.000,82.441,0.1979994847924068,75.75479950909920,310.8016995461318,2.129955466592948
4032582002260,Classic Ayurveda - Bio Kreuzkümmel ganz,100,68.000,82.634,22.3,8.1,405,17.8
4388840101955,ja! - 6 Baguette-Brötchen,100,43.000,83.122,1.078702024899312,23.125773121972700,1106.8315195703465,9.073266606965866
7610200329141,TERRASUISSE - Urdinkel-Mehl Classic,100,51.000,83.470,1.32,2.44,1244.8,11.08
4071800000879,Harry 1688 Unser Mildes,100,40.000,83.801,2.1274690296594874,31.378007016211800,1029.5467271526143,7.566108660993413
4017100706004,Lorenz Saltletts Sticks,100,59.000,83.835,6.2255448802072735,0.005364491783133300,1513.6917802761957,10.324026502118494
4003880685257,Agrarfrost Germany Knusper Frites,100,22.000,84.098,5.488,73.97800000000000,500.6,1.88
4006040120827,Rapunzel - Polenta-Maisgrieß,100,50.000,84.116,1.1,11,1480,8.8
5908221103461,Billy Tiger Maissnacks,100,50.000,84.116,1.1,11,1480,8.8
4000400112156,Mondamin Pfannkuchen Teig-Mix  198 g,100,58.000,84.463,3.2558740594805062,0.33840545351519000,1559.9637099367922,10.921230963255063
4009249022800,"GOLDEN TOAST Meister Brötchen, 400 g",100,45.000,84.994,0.8685885335518031,16.85875358463390,1134.071462498584,9.074432229668501
4009249038658,"LIEKEN URKORN Bauernmild Brot, 500 g",100,42.000,85.090,2.174340704725822,27.70737692898310,1064.6151189428292,7.797334575169969
4316268388948,Korn Mühle Weizenmischbrot,100,41.000,85.354,2.2263938932746346,30.964735295229000,1049.1127190147565,7.4483399266691155
4311501461150,Gut & Günstig Milde Bauern Schnitte,100,41.000,85.491,2.1275000338899988,29.965521506161500,1029.5380613371528,7.5661850084411695
4010355132871,dm bio Soja Reis Drink Natur,100,8.000,86.992,1.085,94.65474573982170,92.05,0.89
4311501312018,Edeka Bio – Spaghetti Vollkorn,100,50.000,87.322,1.7,14.3,1370,8.5
4311596464074,Backofen Rösti Ecken - aus Qualitätskartoffeln,100,23.000,87.815,5.393437016865757,72.5873719888872,488.7114259196382,1.9477833255012984
7616800818320,M-Budget Pommes Frites 3kg,100,25.000,87.866,6.743857668709244,72.87737640838070,542.6950064901426,1.8520298960198387
9120012040151,Shan´ shi - Mie Eiernudeln,100,55.000,88.177,2.2274820052225635,8.82305045144855,1350.9077706156072,10.77458460005407
4316268385275,BioBio - Roggenbrötchen,100,44.000,88.302,2.7551240028276363,28.47311905453450,1109.0718761808087,7.3210825779807145
4003840008188,Hitschler Bunte Schnüre,100,46.000,88.737,3.460160547775962,13.510014691902400,1449.7685312705996,3.3493529238361415
7610200298218,Migros Bio Bauernmehl,100,58.000,89.619,1.5047256432444605,6.4279967523396800,1448.573330534281,11.45238445579168
2400940001798,Chiabrot,59,50.000,90.248,11.822787921428299,10.029314784467500,838.9723249157463,5.336239607141493
4008577006025,Coppenrath & Wiese Mehrkornbrötchen,100,51.000,90.332,4.58736034300111,25.588389375910100,1162.9735822986195,9.129442608592962
20364045,Grafschalter Megaburger Brötchen Classic,100,51.000,90.365,7.673495156617639,27.757217973071200,1228.1903638209085,6.616356518774433
4311501479896,Gut & Günstig - Hamburger Buns mit Sesam,100,54.000,91.292,4.981558677481748,17.862463000738600,1244.5358591427612,8.920580920463166
4019736000235,Zwergenwiese Streich Natur,100,88.000,92.590,38.47169492892547,45.283230545630900,1620.2728529555013,6.0332877029790595
4311596476107,Gut & Günstig Hamburger Buns,100,57.000,92.650,6.812580439790286,17.09458853940730,1300.7972691541374,8.445628395047954
4311596466641,Gut & Günstig - Laugenbrezeln zum Aufbacken,100,43.000,93.204,1.9338474724890244,30.212359719826800,947.5855010791295,7.45551034153943
4104420136809,Paprika-Chili Pastete,100,48.000,93.870,16.94552490644141,61.23172034724580,892.6096062615386,3.6408761038003523
4300175452205,K Bio - Hafermalzbrötchen,100,51.000,94.287,1.7330297338034444,18.164252666109700,1132.189401368729,9.292649239208579
7616700003949,Migros Frischback-Semmeli,100,52.000,96.623,0.9449330636870047,23.265600481237100,1100.6044668916313,10.439618535454677
4005009105554,Couscous,100,50.000,98.606,2,11.2,351,14.03
80608349,Giovanni Rana Kartoffel-Gnocchi,100,18.000,99.072,0.17120050411238258,74.61283935308670,362.74644748245754,2.2277183665085625
4311596475087,Honey  Wheat - Weizenkost Mit Honig,100,54.000,99.234,1.8702351495377658,4.495634793861280,1609.7934332379884,3.5349999513609203
4001242004197,Chio Mikrowellen Popcorn salzig,100,97.000,99.305,21.054875387597452,5.486234908083420,1803.5556759863807,13.825944225756082
4335896652573,Ziebelringe,100,93.000,99.429,28.040693652451104,9.671342780519570,1958.5330894399403,5.6350006108205575
7616800816333,Migros Bio Chips Nature,100,68.000,99.539,28.565566785687025,53.169033562597800,1271.7853975420505,1.3511636956351374
4005009103352,Süsskartoffelchips mit Rosmarin,100,73.000,99.709,31.087452992955324,48.673176879542400,1397.1436883898848,0.8615401290138379
4260348150775,Bananeira Bio Oregano Gerebelt,100,75.000,100.270,10,7,1512,11
4000521890001,Dr.Oetker Muffins 370 g,100,62.000,100.271,11.18252032513156,6.047556736763310,1335.3097322100505,4.335745402820836
4008314177506,La Comtesse Marshmallow Fluff - Vanilla,100,58.000,100.529,3.5528830808441763,0.5722016862994240,1614.099665988329,3.8912528980674312
4388844140523,REWE Laugenstangen zum Selbstbacke,100,47.000,101.172,0.8066397609498107,32.936500592116300,922.7413425295395,8.888324921312286
4016249010508,Allos - Amaranth Burger Classic,100,66.000,101.679,4.7803484970402,12.303841115332200,1318.681773367677,11.152267525144401
5411188114581,"Provamel Bio Mandel Drink Natural, 1 lt",100,14.000,102.311,3.2434999999999996,94.13945238587280,154.7,1.378
5202390013867,Violife Creamy Cucumber & Dill,100,52.000,102.357,21.78991064391372,65.21754274533030,927.8880667443508,0.2216181618946448
4000540000306,Kölln Echte Kernige Haferflocken 500 g,100,79.000,102.713,7.5,8.7,1570,13.5
9000331606101,Manner Knusper Müsli,100,86.000,102.906,16.289411296997727,5.5067937186361500,1805.7814346900645,8.870945927211302
4388844007390,REWE - Bio Weizenvollkorn-Toastbrot,100,57.000,102.981,3.518441219071729,26.714619664500000,1120.6972434770921,9.719083924952814
4003586000354,funny-frisch Chipsfrisch ungarisch 250 g,100,75.000,103.231,29.82623830731096,47.44851733123440,1344.005168331332,1.784121492875388
4009249022145,GOLDEN TOAST Roggenbrötchen,100,47.000,103.371,0.9786805621838419,29.918762906916800,969.2943129442268,7.476456986351101
23289956,Penny - Kartoffelknödel halb & halb,100,19.000,103.411,0.1256601249202144,72.29079394441600,390.22635997671307,1.8978602912424405
7613269528838,Bio Kartoffelgnocchi,100,33.000,103.440,2.378500009310913,56.99749999998960,643.425000344887,4.3425
4071800000510,Sammy's - Super Sandwich Vollkorn,100,56.000,103.479,3.3641233173938194,31.085020069201000,1044.7441121877648,10.245331977333391
42257646,Rewe Couscous Salat,100,43.000,103.558,7.807677133748903,56.56383917044580,804.0138599406642,4.659009409450419
4002674043259,Ostmann Kümmel ganz 35 g,100,83.000,104.543,13.7,8.6,1378,12.6
4008400102528,Ferrero - Mon Chéri,100,63.000,105.104,19.01175941020068,19.367604617868800,1227.7824681519933,0.24515593899034333
22147141,Bio Basis Müsli Cerealmix,100,76.000,105.512,6.9939559356588505,10.314297056758900,1518.6963061628571,11.664920004684495
8714573014044,Sate pikante Erdnuss- Würzmischung,100,131.000,107.729,31.974091557374727,5.033827270965440,2086.216776068304,17.52773523574698
4030387044294,Sarotti No.1 Ecuador Edelbitter-Schokolade 100 g,100,59.000,108.669,10.733333375193826,3.600000014040170,1286.33333507578,0.5333333354133578
4018077711619,Lorenz Naturals mit Rosmarin,100,70.000,108.711,25.75508637589472,52.36549253724610,1192.9352293275979,1.6605767398325844
9001466207911,Rapso - 100% Reines Rapsöl,100,196.000,108.740,89.9,0,3330,0
4311501342367,EDEKA Erdnusskerne geröstet & gesalzen 200 g,100,178.000,109.348,52.46836127404231,6.2128670633852900,2558.9336631977826,23.073506323612005
4003880134212,Agrarfrost Mini Kroketten,100,34.000,109.433,6.8981768272402215,65.15810476029510,622.295974698001,1.7800643834781074
4060800182760,Lay's Sticks Bacon,100,76.000,110.484,15.349815726653327,8.478540358243210,1529.2092317804374,3.9075726614285644
4017100740800,Lorenz Erdnußlocken Classic,100,103.000,110.700,18.419907915169926,10.69290067393810,1762.952024091872,13.7946151039829
4009268004689,Burgis Schupfnudeln,100,32.000,111.382,1.4460530815165642,55.06745106876010,627.0704069939261,3.1180395986421625
4029800130256,Columbia Lorbeerblätter,100,75.000,111.606,5.4,9.8,1571,9.4
4019736002222,Zwergenwiese Paprika-Peperoni Streich,100,95.000,111.722,27.37654563265432,43.690323765540400,1392.5290256197231,9.75927171223473
4010355199997,DM-Bio Mandeldrink,100,17.000,111.767,3.4930000000000003,91.74300075397350,194.82,1.484
4104420134089,Alnatura Marokkanischer Burger 200g,100,63.000,112.297,3.365911017058117,0,1035.9366556350928,8.604188298178796
4030917004408,Sanchon Currypaste ''Madras'',100,140.000,112.485,53.56972790705138,0,2080.671018868411,4.249926587225591
4104420052321,Alnatura Demeter Vollkorn-Salzbrezeln,100,69.000,112.584,5.291292016960214,12.697912079526100,1388.179521687298,8.087142804800147
4014812060028,Kartoffelsalat,100,42.000,112.589,12.13323747998636,66.72410444840210,722.2038547369609,1.0419272515756557
4388844014923,REWE Bio Soja-Drink + Calcium,100,18.000,113.337,1.4664000000000001,89.06975505527730,186.9328530295947,3.0628
8594004496249,Lagris Sojabohnen,100,151.000,113.513,18.3,8.4,1610,38.2
4000539003509,Lindt Excellence mild 70 %,100,67.000,113.534,22.033333333245455,1.799999999874610,789.9999999643524,0.26666666664809097
10066126,Alpro Soy Vanilla Ice Cream,100,35.000,115.128,5.435753023760781,66.37890848865850,565.534696158114,3.036091916213227
4306205472120,Vegan Leben - Vegane Scheiben Würzig,100,61.000,115.803,20.31550000000227,56.57055861002840,1057.8000000335855,0.2460000000090772
4032277005255,Veganbratstück DAS Schnitzel -bio-,100,43.000,116.460,10.524316740547006,71.10057681444140,628.7403784232339,3.206072495428806
4388844009233,Rewe Bio Kartoffelpuffer,100,25.000,116.829,1.785447427514617,74.51401969213160,404.71601322570785,2.5935133588634676
20363031,Gebrannte Mandeln,100,103.000,117.171,18.962,4.4935686061954200,1954.0224963621772,8.056000000000001
4388844058019,ja! Delikatess Mayonnaise mit 80% Rapsöl,100,183.000,118.338,74.22174941334201,8.70717254129507,2835.861046788165,1.322098617249804
4388844168008,Ja! Kroketten,100,38.000,119.841,6.996303207952906,61.027507104700200,606.0585739381322,1.8578236979371037
4009418109554,Tip Salzbrezeln,100,88.000,119.920,8.958705333051045,0.11485299025106000,1554.6033952939006,9.837826507914588
22117946,Orangeat,100,47.000,120.943,0,0.06666600017922120,1132.322007743941,0
4001686301265,GOLDBAEREN             200 G,100,57.000,121.068,0.1723869406052943,21.149613791978900,1162.30745176735,6.284073928491344
4005009103246,Dinkelpoffies,100,51.000,121.595,1.76,13.76,535.2,7.6
4260296930351,Wilmersbuger Stück Classic,100,72.000,122.105,22.422066835282088,47.09020760339640,1193.5339987371337,0.2785518390547532
5017764900410,Kettle Veg Chips Sea Salt,100,75.000,123.212,24.78642577659121,55.34863581639020,1133.2707576217672,1.1301150047691662
9002708032674,Wolf Eigold Muscherl,100,79.000,123.626,2.565,20.78,1354.85,12.495
4015427303104,Filinchen Pixels Kräuter Mix,100,99.000,123.837,24.385931367809704,39.8062831753639,1646.1362634005363,6.036977735615454
4311501367322,Tortilla Chips - Hot Chili,100,95.000,124.305,17.36161857535879,10.108145004005900,1707.5727432223293,5.396231374704348
4008002547581,Barteroder Land Art Kürbis-Birnen Chutney mit kandiertem Ingwer,100,33.000,125.341,0.6198430121069657,0,286.2497339778937,0.4818684654980806
8712100345692,Knorr Pommes Sauce,100,95.000,125.761,32.69342954617827,46.53299056280490,1409.0347391100652,0.8125807790235463
4388840102839,ja! - Stapelchips Paprika,100,102.000,125.846,25.759796167054404,12.305924299331100,1898.5156007641717,0.7869867869110823
4008391042100,Seitenbacher Vollkorn-Früchtemüsli,100,85.000,126.285,6.994450017613394,15.800147188088700,1434.4399056861373,10.257077937417568
8715700422053,Heinz salatcreme,100,67.000,126.386,23.154416401845126,67.41370852721240,947.0651047062114,0.5974096906540943
4305720050783,Grissini al rosmarino,100,98.000,127.220,11.75944419648578,3.4175278291521700,1618.9909708254522,9.74664142387217
5060042646258,"Tyrrell's - Veg Crisps, Hand cooked English Crisps",100,93.000,127.857,31.718467753448177,52.16903431353870,1335.1399567088347,1.0819661086168344
4058700707589,Bulgur von Kattus,100,79.000,127.882,1.8,12.8,1370,10.9
4016424364228,Knack & Back  Sonntags-Brötchen,100,67.000,128.010,2.7094925332990534,11.458865681619100,1083.7389283452142,7.473457967474037
4311501408506,Feine Marzipan Rohmasse,100,128.000,128.378,26.945999999999998,17.543027857207100,1876.4023332294348,11.448
4334011055633,"real,- Rösti küchenfertig",100,27.000,129.076,2.3944641925141306,71.98046240417180,386.15889279672143,1.8512742629674692
4000286233426,Reismehl,100,122.000,129.486,20.9,6.1,1657,13.4
4032914410725,Basic Langkornreis weiß,100,122.000,129.486,20.9,6.1,1657,13.4
4311501451038,risottoreis,100,122.000,129.486,20.9,6.1,1657,13.4
29052486,Crunchy Granola Bites Haselnuss,100,111.000,130.005,16.974858791945174,6.781456609728580,1508.0127199702322,12.435272756896522
5010034517004,Uncle Ben's Express Basmati Reis,100,124.000,130.102,21.92666183038734,5.978393034671430,1677.3719454414888,13.132
4037400002033,Katjes Katzenpfötchen 200 g,100,59.000,130.996,0.23754286084591114,2.6963501458266200,1503.029170319102,0.08298726622570494
4260055822996,Vegafit - Vegane Nuggets,100,83.000,131.060,20.605711427967666,42.7538053184481,1252.0212740162258,3.0544489705583437
4012281311603,Komet Grüne Grütze mit Grieß - Apfel-Geschmack,100,79.000,131.436,1.7280010000018522,12.288123000227800,1315.2148000274103,10.46400400000741
4001518722930,Griesson Soft Cake Orange,100,77.000,131.903,11.12857509165191,15.802347512560800,1444.9334046433232,2.2246707578278544
4013200257408,Brotaufstrich Paprika-Cashew,100,60.000,132.019,8.990008967972608,55.980637392329900,783.7460153440522,6.269953180455802
40352916,Ruf Blattgelantine Weiss  20 g,100,257.000,132.680,0.1,10.8,1481,86.9
4335896527512,K Classic flakes&dark Chocolate,100,94.000,132.706,9.24133254374802,5.356941542520670,1583.0540806322686,8.38774572409179
4000540003529,Kölln Müsli Knusper Kokos '30% weniger Fett',100,107.000,133.147,12.883321845403469,7.337906420227640,1702.2015578378391,10.474170849642674
4260176790099,Maiswürmer Käse,100,144.000,133.179,37.66500600543095,6.218159213101860,2193.938299232844,5.001534269092095
4334011005010,"Real,- quality Ravioli mit Spinatfüllung",100,46.000,134.783,2.5978352685259756,58.063314299727200,652.9206975111521,5.48660419405897
4026584131806,Soto Burger Süßkartoffel,100,61.000,135.340,7.452455490133993,51.687788353915,876.98044696053,5.793570953078099
4005009105547,Linsen rot,100,102.000,135.561,2.9,9.1,360,27.3
4012359130006,Taifun Tofu-Grillknacker,100,76.000,135.685,19.323124355812332,53.331933021702900,871.9065319326378,4.32647302535364
4000521771003,Dr. Oetker - Grießbrei nach klassischer Art,100,64.000,135.835,0.5674285714104056,6.957714283479900,1044.8857138303981,5.857714285641622
4000522006890,Pom-Bär Original,100,108.000,136.083,24.50216480390545,11.15802520349190,1888.478701023337,0.6491097004902734
4334011090924,TiP 6 Sonntagsbrötchen zum Fertigbacken,100,73.000,136.360,3.1957481343514376,0.03383648599547840,1027.9209705789895,7.318063967984942
29039418,GutBio schnittfester Tofu Pflanzlich,100,103.000,137.400,10.065,49.6189963931903,885.5,21.01
4104420134782,Alnatura Lübecker Marzipan Rohmasse,100,131.000,137.452,25.947999999999997,22.461999998834000,1773.5020000202578,11.024
836069006697,Bofrost Schupfnudeln,100,48.000,137.470,1.2548927110109114,47.98632165265120,723.7236115335274,5.232944087494168
7610491921840,"Issro Bananenchips Honig gesüsst, 150 g",100,63.000,137.538,15.429970893643137,60.11486360995810,941.0559696236045,1.0160890721588292
4018077620003,Lorenz Knabbergebäck Party Clubs 200 g,100,112.000,138.401,15.41795264430598,0.4675092606617610,1686.4184548669912,8.612351417842815
4001518108796,Uncle Cracker NatSnacks Mit Pfeffer und Olivenöl,100,105.000,138.609,13.117039664870779,11.64806817929120,1577.579742710528,9.25369624287751
4311501373682,Aubergine Streichcreme mit feinen Auberginen-Stücken,100,118.000,138.633,34.07920986245049,47.485067587045000,1464.1399001005464,4.964218296663264
2200046087692,Gepuffter Reis mit Honig,100,123.000,138.649,18.81,7.49,1621.3,12.1
4316268207225,Carat Croutons Pinienkerne,100,152.000,138.849,34.31249833683001,5.942675040040650,2019.237178417348,9.686009046500692
4008407012011,märschimport - Mandeln ganz,100,214.000,140.160,49.9,11.7,2380,21.2
4104420180680,Mandelmus weiß (650 g ),100,214.000,140.160,49.9,11.7,2380,21.2
8722700046790,Maille Dijonnaise,100,122.000,142.370,37.96184240914363,40.492922147215500,1545.7642823228632,1.2559218178711733
42094739,Löwensenf süß,100,71.000,143.066,7.622343806745422,39.891172374988500,981.4851028139736,6.213893566411797
4000521661007,Dr. Oetker Vitalis Früchtemüsli,100,85.000,143.563,5.257010764584765,19.851255863560800,1307.597045916033,8.34520104263826
20042936,Mei Tai Maiskölbchen,100,50.000,143.725,1.6728805923366443,47.79879093838550,796.7690028822574,4.158303186000105
4035731817043,Bio Vita Milchreis Bourbon-Vanille,100,104.000,144.239,11.286,4.4876763027544,1625.4903303406454,7.257285402118157
4021851867921,Marzipan Kartoffeln,100,134.000,145.633,21.145263217706784,5.756720402256400,1961.7851505862873,8.999560528211541
4012359115003,Seidentofu,100,11.000,145.972,0.21,96.97499984888840,48.3,1.155
4006040004011,Rapunzel Tahin (Sesammus) ohne Salz 250 g,100,218.000,146.684,49.8,4.7,2440,17.7
4010355199850,Dm Bio Sesam Ungeschält,100,218.000,146.684,49.8,4.7,2440,17.7
7617027734820,Sesame Oil,100,218.000,146.684,49.8,4.7,2440,17.7
7640110510674,Naturkraftwerke Leinöl 250 ml,100,265.000,147.020,89.9,0,3330,0
4003880007080,Kartoffelpuffer,100,30.000,147.230,0.8048334453956487,71.05006444974750,441.4961709185807,1.9894149375429613
4024698485020,Golßener - Spreewälder Frühlingskartoffelsalat,100,42.000,147.593,6.883926166098599,72.17352468335860,549.2497066640653,1.6323200287061073
7610807015843,Coop Naturaplan Bio Pinienkerne,100,248.000,148.261,44.9,5.1,2460,31.6
40526614,Hartkorn - Kardamom,100,68.000,149.312,5.1,10,180,10.5
7613312018323,Migros Bio Fairtrade Kurkuma Gemahlen,100,68.000,149.312,5.1,10,180,10.5
8715035240308,Kikkoman Sushi & Sashimi,100,48.000,149.825,2.8566269175668104,62.673698806893600,407.99394800482037,6.886627619720448
4104720000015,Händlmaier's Hausmachersenf - süß,100,53.000,150.125,3.373311086567646,47.102443561044200,823.3090117507543,2.993057277966959
4250426210842,Küstengold Röstzwiebeln,100,128.000,150.371,30.15975334469851,29.433005710299000,1641.2593843926372,4.232947838453209
5060314480016,Mano Masa,100,130.000,152.766,21.44138972409798,9.655828578838300,1843.9209972523802,6.304659371575838
4311501481547,EDEKA Knusper Müsli Triple Choc,100,126.000,152.833,16.58379374833195,7.198222144146910,1802.3457797016804,8.211193139208488
4000400002785,Biskin Spezial - Pflanzenöl mit Buttergeschmack 750 ml,100,255.000,153.912,81.72727272727273,0,3027.272727272727,0
7613312076149,Gemüse Rösti 500g,100,79.000,154.025,12.359754669725168,31.002863361519800,1185.070225141517,1.2106869747512234
4046800118954,Mazola 100 % reines Keimöl,100,253.000,154.059,80.91000000000001,0,2997,0
4046800110743,Mondamin Lieblings-Milchreis Klassische Art,100,97.000,154.134,10.668800000003896,4.3164000004793400,1156.7100001592842,6.873200000015588
4000161810193,Niederegger Lübeck Marzipan Schwarzbrot,100,158.000,154.454,29.210853945325095,11.591779695012500,1941.9879011788953,10.239891078351238
9004617063183,Verival Bio Honig Crunchy,100,126.000,155.069,15.782336300965424,7.352684029313300,1782.0698761030048,8.273477919255193
4031446832616,XOX Riesenkäseflips,100,144.000,155.293,27.0314872383782,10.535974974898400,1917.7552970727734,6.320473713977375
4001163131408,Henglein Seidenknödel,100,33.000,155.399,0.6105741952731055,68.07841687730100,475.1622136355633,2.0177629645774378
4016424510168,Knack & Back 6 Sonntagsbrötchen …ofenfrisch,100,76.000,155.443,2.805098117795228,10.29103402164580,1014.9448513448745,5.973964839317567
4005047178237,Eden - vegetarische Salami,100,75.000,155.996,14.563184638905998,68.95289641340670,712.0027587390992,5.928150454149292
4900249001058,“Golden Toast Rosinenschnitten“,100,77.000,157.218,4.484216719273218,23.520200263206400,1201.0746493409765,4.32534064678701
8410076491428,Old El Paso Mexican Potatoes 30 g,100,106.000,157.320,10.627345164397687,8.312390142053010,1249.9910499992413,8.938206801764284
4011800185213,Schwartau Spezialitäten Pflaumenmus 350 g,100,43.000,157.896,0.2577202362832996,45.90599484237570,790.8168739940761,0.6331839463566709
4005009134004,Roh-Rohrzucker,100,75.000,157.926,0,1.1,1660,0
4006544493403,Südzucker Weisser Rohrzucker,100,75.000,157.926,0,1.1,1660,0
4104420021785,Alnatura Bio Rohrohr Zucker 1 kg,100,75.000,157.926,0,1.1,1660,0
7610200010117,Rohzucker aus Zuckerrohr,100,75.000,157.926,0,1.1,1660,0
42094722,Löwensenf Senf extra scharf im Glas 250 ml,100,76.000,158.598,10.89994368844291,59.98351965490950,670.117950388931,7.874186692789011
4000339057726,Miracle Whip,100,88.000,159.196,22.841588350963217,59.68870216092410,1061.6443370364884,0.2999564226665922
4000400002730,Livio Klassik-Pflanzenöl 1000 ml,100,213.000,159.783,63.565656565656575,0,2354.5454545454545,0
4311501365090,EDEKA Cookie dark chocolate & hazelnut 200 g,100,167.000,159.807,34.21733853734954,5.123109550042690,2029.4708661794302,6.708293204304781
4001163131507,Henglein Mini Knödel,100,70.000,159.822,0.8743726483241538,13.290356443369500,1263.2593524915771,2.2224077909261615
4012576102602,OTHÜNA - Marina,100,283.000,159.918,88.1040217020549,0.49833485339872500,3263.4748861829,0
4311527760145,Edeka Süßkartoffeln,100,68.000,160.083,0.1,15.7,1430,0.6
4007801107194,Knorr - Primerba All' Italiana,100,144.000,160.447,34.49165092590503,25.92972561113040,1617.4189479299066,3.896044440095198
4104420035744,ALNATURA Brotaufstrich Kichererbse mit Ingwer,100,125.000,161.616,28.356035616967496,47.47759640460840,1371.0466677637833,5.221276723486641
7622210232557,Oreo original,100,136.000,161.966,20.271980764814273,0.7270958429270930,1921.7669288689033,4.866445959586686
5410041001204,Lu - Tuc Original,100,137.000,162.588,18.450833190732553,2.6681454312185900,1734.0602707915546,8.244200837852034
4002160262003,Granini Trinkgenuss Banane 1 ltr PET,100,18.000,163.221,0.075,85.05186697175040,244.33424951754526,0.275
4250241206112,Iglo Käpt`ns Burger Gemüseburger,100,65.000,164.538,7.603845343935579,58.97579685268030,747.2028681755971,4.400612496651678
4388844119611,ja Kartoffel-Knödel halb und halb,100,48.000,164.694,0.5630365642286117,34.53885592909780,639.6227190025326,1.9354275252304658
4316734191485,Udong Noodels,100,57.000,165.529,0.4000857285814452,38.573222997376100,785.1045433570852,4.070501470354103
4305615183398,enerBio - Kartoffelpüree,100,70.000,165.573,0.5066406723479587,17.296782760558700,1388.7506243441346,0.7550574070255063
8008698007501,Dr. Schär Müsli Fruit glutenfrei 375 g,100,121.000,167.586,9.219184250436692,18.731350298656600,1408.7593379115212,12.102390083483266
42332237,Veganz Hello Coco Erdbeere 125g,100,69.000,170.169,10.634403464662366,61.7100234486052,906.549973692006,1.685595839962164
4012712004821,Letscho Premium,100,78.000,174.492,5.64330025034161,47.84240406891100,785.1317265239802,7.324104000324878
4014400924008,Storck Riesen Dunkle Schokolade-Kräftiges Karamell,100,122.000,175.533,18.73220883614036,19.97692584081370,1585.9470107936816,2.561971567750015
4000539381102,Lindt Edel-Marzipan,100,173.000,177.038,27.084716262594103,6.147496122929050,1969.3974504972314,8.262431959298528
4035532491886,Ingwer-Stäbchen Hussel,100,61.000,177.490,0.17999999999192728,18.95999999928760,981.6000000064538,0.4799999999872211
4388840215966,Haselnüsse gemahlen,100,283.000,177.764,59.5,4,2650,15.2
4015637883106,BAUCKHOF 6-Korn Flocken,100,110.000,178.663,2.8250045002226534,12.00000799997460,1455.0007999988402,9.20005700021569
9001432030963,d'arbo - Pfirsich Maracuja Sirup - 500 ml,100,50.000,179.339,0.12000000000231069,43.52400000100510,845.1199999965122,0.35700000000577675
4000400130815,Pfanni Kartoffel Knödel-Teig der Klassiker halb & halb für 12 Knödel 1 Stk,100,47.000,180.291,0.5412670223395044,54.01971489662530,699.6627046560867,1.3963726321307015
4311596475551,Gut & Günstig - Milchbrötchen,100,113.000,181.199,9.929576545997008,24.141089469580500,1287.8766582905207,7.610079825346109
20186746,Linessa Light Salat-Creme,100,71.000,181.288,13.794037181471934,64.26559693046120,755.7733154672529,0.4490860631359135
4104420054769,Alnatura Dinkel-Doppelkeks Zartbitter,100,170.000,182.525,23.668564438293505,6.62183562611822,1952.5354205430237,8.121741830624096
8850987128004,Mama Brand Moo Nam Tok,100,103.000,182.750,10.44728835721642,3.174996814214180,1018.2295533453203,4.457380812624756
20013622,Vita Dór Classic,100,280.000,182.811,75.4454660210898,10.27427155308690,2803.188681275332,0.1053745369276911
4045851032516,Natsu Salat Dinkel-Quinoa Mit Edamame,100,74.000,182.835,9.160362239191858,61.858337834564200,605.6513974557718,5.540571733510851
20978525,Crusti Croc Mini Brotchips Mit Sauerrahm- und Zwiebel-Geschmack,100,171.000,184.123,26.171246822129618,3.464322470806940,1846.9952572469372,7.0097191678225155
4008258038000,"Seeberger Cashewkerne geröstet, gesalzen",100,267.000,185.578,45.19713861589366,5.141314390637620,2450.940297486214,17.992606146636984
4021269041210,Bio Gaumenschmaus - Für Bratkartoffeln & Gratins (100 g) von Herbaria,100,68.000,187.324,3.5254649913604457,18.131803011958100,409.21053430277766,4.773390413409459
4010355322159,dmBio Bulgur,100,121.000,188.001,1.3,9,1378,12.3
7613269372158,Migros Bio Linsensalat,100,105.000,188.107,6.47132883293712,39.26557167490660,424.2663707550271,15.859957418381077
4011437042453,"VITAM Kichererbsen Brotaufstrich, 125g",100,94.000,188.728,15.657691203636025,63.12728118505020,840.7795602939437,4.413983651203435
4009239277999,City Farming Bulgur-Salat,100,55.000,189.480,4.077998399735447,71.56446399849010,508.04072498548163,4.187463249921364
7610491070388,Morga Hefeflocken Bio,100,93.000,190.614,1.338,53.971000000000000,688.38,14.073
4013222143000,Friweika - Bratkartoffeln,100,37.000,192.964,1.1985458111564402,76.19510644137300,343.3564905125372,2.4500138755140695
4059300614130,Delikatess-Krautsalad,100,56.000,193.029,6.879322878284001,69.06655280550310,541.1213634754076,1.7467584805251946
24069724,Hummus,100,137.000,193.934,23.138734211562397,48.018253199665900,1227.5042827435443,6.292529880569907
4008366008667,Frosta Couscous Oriental,100,52.000,194.021,3.7318010701751136,72.1615740321951,477.70793330188104,3.4829472123121796
4028119881552,Matiss Bulgursalat Pikant,100,84.000,194.213,7.180797633995707,52.40712040293040,821.303554265069,5.527819633659966
22153241,Hummus natur,100,131.000,194.645,21.499128943715775,51.038999753622600,1152.5065248862102,6.467296658340041
7610200042804,Migros Kichererbsen,100,47.000,195.056,1.6666499995187103,78.06588702037990,358.6630798964265,4.999949998556132
4045178003954,Demeter Campo Verde Brotaufstrich Basilikum-Tomate 110 g,100,96.000,196.294,14.588541053158036,53.114630807051800,908.0779568975903,3.0415747406520897
7610200095749,M-Classic Schwarzwurzeln,100,21.000,196.492,0.252,84.09678961988200,139.23,0.8819999999999999
4008122000645,Odenwald Apfelmus mit Vanille 720 g,100,28.000,198.330,0.27591658266158403,78.18438888756030,349.65981948421745,0.27591658266158403
4104420137042,Alnatura Bio Sauerkirschen entsteint 360 g,100,19.000,198.523,0.2500025432113292,90.39990234068500,157.0015971367147,0.6500066123494558
4051767596080,Gourmet Compagnie Semmelknödel,100,83.000,199.498,2.329879175517175,47.08560604784350,777.4172994334475,7.76913940059889
4006986005103,Settele - Gemüse-Maultauschen,100,71.000,200.069,1.7000244302441925,53.83817958626070,640.856091947619,6.60006908894351
3185370001233,Moët & Chandon Champagner Impérial,100,27.000,200.442,0.3,81.1,293,0.7
4327475100186,Jeden Tag - Orangen Navel Late (2 kg),100,24.000,201.476,0.18368424229906066,79.53527691549330,169.9079241266311,0.9184212114953031
3083680002752,Bonduelle - Linsen,100,55.000,202.946,0.38173127740846374,75.31843883677880,374.7328706559752,7.189272391192734
4316268494038,Hofmaier Edles Gemüse in Aspik,100,71.000,205.500,1.4216466099480005,70.08733647664220,460.36586081624637,9.481550654750185
8712429361502,Nissin Yakisoba,100,148.000,206.267,6.982733871997459,8.951171224538320,1549.7716040413472,11.0875
42300755,Satori - Mungobohnenkeimlinge,100,26.000,206.475,0.4940529522760886,91.69652528193750,118.68717134148879,2.7172912375184874
4311527827985,EDEKA BIO TAFELTRAUBWN,100,28.000,207.866,0.3,81.1,293,0.7
8025544317157,Lavinia Trauben Rote Kernlos,100,28.000,207.866,0.3,81.1,293,0.7
8032140146081,Ja! Bio Trauben,100,28.000,207.866,0.3,81.1,293,0.7
4019738010713,Viana Jungle Energizer,100,172.000,209.861,26.070918731281754,39.90336890640650,1441.469230918724,8.043846071372398
20101268,Crownfield - Nougat Kissen / Nougat Bits - 750 g,100,162.000,212.526,14.160070320731164,3.5658140039179600,1808.6915667954454,5.85742248142263
4000400117830,Knorr Penne mit Broccoli,100,142.000,212.981,9.460524960970845,14.490719855089100,1355.9576459393795,8.866745633659448
5053990101573,Pringles,100,163.000,213.244,24.900170422466704,29.853098639965600,1548.664599335524,3.6872341986967045
8712941102171,Crêapan Leckere Pfannkuchen Classic,100,104.000,214.121,9.26300595935008,44.11982816086700,996.4845672634665,4.747433917346757
4104420112100,ALNATURA - Junge Erbsen,100,54.000,215.810,0,74.3,390.6,6
4316268338103,Viva Vital - Feine grüne Erbsen,100,54.000,215.810,0,74.3,390.6,6
4104060027024,Andechser Natur Trink-Molke Mango-Apfel,100,28.000,218.779,0.17961297496783005,79.01550093674970,245.41186227073177,0.6584519000813992
8852018201052,Yum Yum Cup Nudelsuppe mit Vegetable / Gemüsegeschmack,100,195.000,219.403,22.580073939828296,8.019587294462260,1886.4835708715866,7.159719889285509
4100650419026,Wan Kwai Thai Curry Paste Grün,100,119.000,220.369,17.14030197159474,41.9481173096976,938.1323292658612,2.9454312595433536
4001518008454,LU Glico Mikado Sticks mit feiner Milchschokolade,100,188.000,223.479,20.88134951305635,1.428970371523310,1623.9753644493444,7.475092793833423
4316268487054,Kornmühle 8 Weizenbrötchen zum Fertigbacken,100,14.000,223.720,0.029633218452388685,92.02866435946230,25.36932714753064,0.3029173443346752
4005500027898,Maggi Würzmischung 4 - Knackige Salate 60 g,100,71.000,223.852,3.0670545227703814,0,283.4481552664012,1.9729153500408916
4388844240209,Rewe Bio – Wurzelpetersilie,100,32.000,223.963,0.4,76.8,221,1.4
8011185001784,Feldsalat,100,24.000,224.620,0.4,92.8,96,2
717860000117,PASCO Tikka Paste,100,69.000,225.474,3.5000239142329947,62.93870236015080,496.45690025050726,4.8000182751268525
7610829517424,Coop Betty Bossi Taboulé-Salat Oriental,100,96.000,231.474,9.000060104540875,59.289012207635100,812.3838686603141,4.000005785296066
20573782,Crownfield Banana Choco Puffs,100,157.000,231.509,11.373768692034975,6.45186903521693,1563.446451877772,5.503076329811913
4311501314333,EDEKA Bio Klare Gemüsebrühe-Würfel 6x 11 g,100,97.000,232.168,11.092348043631247,19.17090658293860,610.8483617555315,1.0052573507041145
9001400004835,"YO Holunderblüte Blütensirup 0,7 ltr",100,55.000,232.336,0.19999600008322588,38.84209124967400,509.43498479768414,0.6714151442119582
4018722304821,Alb-Natur Bio-Dinkel-Maultaschen mit Linsen,100,80.000,235.803,5.328411720777885,61.55564686653620,456.25508806194915,5.747826689457469
4005047202307,Eden Nuss-Paprika,100,93.000,236.453,7.270311356237102,62.04997895049620,674.1283518593123,5.5111843411599155
4388844008014,Rewe Bio - Natives Olivenöl Extra,100,430.000,238.561,89.9,0,3330,0
4006040116462,Rapunzel Oliven Kalamata mit Stein in Lake,100,50.000,241.479,6.75,81.83800000000000,282.705,0.70575
4021900100160,Nadler Delikatess Fleischsalat mit Salatcreme,100,218.000,241.504,37.11267957248556,43.73051325680770,1548.172074688813,4.742191026387108
5202423200110,"ΜΑΝΙ Kalamata Oliven, al naturale, entkernt, bio NL Fair 175g Glas",100,81.000,241.566,12.475599124545171,76.29979098890370,526.93794280405,1.3966699825666415
4041974032631,Ubena Bruschetta Gewürzzubereitung,100,78.000,243.082,2.733635314834781,52.32957845123930,603.3482539556736,4.165283697050543
6930537600166,Monolith Nord GmbH Glasnudeln,100,52.000,244.196,0.9184212114953031,84.28637910728410,250.02981858672717,5.505510574017068
80053835,Monini - Classico Olivenöl Extra Vierge,100,442.000,245.219,89.9,0,3330,0
8000010005141,Bertolli – Extra Vergine,100,442.000,245.219,89.9,0,3330,0
8032853290644,Fattorie Lucchesi - Gewürzöl Basilikum - Condimento Basilico (100ml Flasche),100,405.000,247.262,80.99000000000001,8.64,3016.4,0.31
4104420034167,Alnatura Kichererbsen 350 g,100,78.000,247.303,2.284080957702403,69.9404955586702,491.5342220975571,6.852242873107209
5202423281836,"ΜΑΝΙ Kalamata Olivenpaste, bio NL Fair, 180g Glas",100,101.000,249.085,16.282591333226875,72.90262033271870,660.0781066495234,1.2921926665292682
5000159461122,Snickers,100,235.000,250.178,22.81675911190978,2.609574220062660,1969.7901909363657,8.61685710390857
3387390333008,Nestle Cini Minis Zimt 375 g,100,98.000,254.142,5.453942853502776,3.6185367441938900,653.2853207579536,1.0945795026654295
4104420022720,Alnatura Beluga Linsen 500g,100,102.000,254.755,0.6,62.9,589,11.3
24325936,PFANNKUCHEN (penny heat & eat),100,108.000,254.873,5.801754344757083,51.747334642061500,809.531948579846,6.000848887532266
4311596463336,Pfannengemüse - Französische Art,100,68.000,257.202,2.1038948862791997,70.82943420801800,374.2410071629058,5.239831448262598
4311596459360,Gut & Günstig - Kay in Sonnenblumenöl,100,246.000,258.901,32.826,48.751000000000000,1426.2,12
4006040276180,Rapunzel Oliven-Würzpaste,100,186.000,259.985,32.093959786925666,53.30557591355170,1250.1562639370775,1.0623003698335631
4051009010770,Kühlmann - Bunter Bohnensalat mit Quinoa,100,75.000,260.499,4.46960270491228,69.60862455079450,519.6921833814964,3.495587585387238
4334011108933,TiP Fleischsalat mit Gurken,100,211.000,261.140,31.93796266504756,49.194475644936900,1385.2467345710068,4.829206472060693
4010155060770,Quinoa bio,100,79.000,263.085,2.4,63.5,588,4.38
4006040176619,Rapunzel Weisse Bohnen,100,84.000,265.724,0.6,66.4,481,7.8
4058700801010,Kattus Knoblauch Paste,100,115.000,267.159,7.303812595751101,56.695088855735700,768.4783531017928,6.23
24610414,Crostini-Dip,100,206.000,267.179,32.18280880408656,42.43865976316460,1325.9498720034464,2.4779856601170684
7613312017241,Zimt Gemahlen,100,84.000,267.458,3.19,9.5,147,3.9
4008900245909,Eier Salat,100,172.000,267.478,21.291029481228243,55.42667319940060,1023.9243112558112,6.5192189425676705
4019339309100,"Maisgrieß Polenta, 500 g Davert",100,58.000,267.698,1.2,74.7,390,3.3
4003171002831,Gutfried - Herzhafte Puten Salami,100,60.000,269.811,0.8946383749259893,22.482752105247900,83.55543362580089,1.961588254012435
42306115,Fürsten Krone Herings Happen,100,152.000,271.125,18.516961707747363,58.11198986105210,936.1587981712655,4.720883746625699
7613312015940,Migros Bio Griechische Oliven Amphisis,100,53.000,272.294,6.384097406868543,85.01312824950650,267.46058619522637,0.6751298758247244
4008400401829,Ferrero - Nutella,100,280.000,274.153,30.164916766323568,1.3958368677362600,2170.469274753419,6.366273665723891
4104420021945,Alnatura Speisestärke -reine Maisstärke-,100,121.000,275.459,0,11,1510,0.3
4388840103133,Ja! - Delikatess Fleischsalat,100,189.000,276.329,26.195978989333415,56.31605503626390,1177.3520043232982,4.189955511459811
29220687,Delikato Tafel Meerrettich,100,99.000,281.027,11.25142002143836,67.46960885408510,583.2967099893183,1.8414160289618249
22793386,Mike Mitchell's Sandwich Salami-Käse,100,125.000,282.460,1.3,44.9,901,8.6
4008366009053,Schnittlauch,100,38.000,284.479,0.6,91.3,124,3
4305720053753,tegut...Schnittlauch,100,38.000,284.479,0.6,91.3,124,3
7617027633567,Sauerkraut,100,30.000,286.649,0.19703325749688516,88.97580268981850,125.0126784293866,1.378146801505572
5060283760003,Popcorn Leicht Meersalz Gesalzen20g,100,97.000,290.531,3.099784491055818,41.67647876425410,280.4567124503599,6.790004171941027
4012200043264,Schlemmertöpfchen - Rote Beete Kugeln,100,42.000,290.734,0.08812205722702948,80.17158710097380,292.31916484032723,1.326330853934125
4021984061159,Sapros Nocellara Oliven In Kräutern,100,111.000,292.088,15.104383913303513,74.5362953520103,613.7014935054849,1.2119839755762032
23254312,Schätze des Orients Harissa,100,89.000,292.871,5.537891109298691,68.04664945372350,264.81498043812485,6.005911769819936
7630018613669,Coop Naturaplan Bio Quinoa-Reisgetränk,100,33.000,293.021,1.0439452741008872,90.07892699711030,180.09415753899836,0.8403999999999999
8722700127765,Eskimo - Konfekt Vanille mit Schokoüberzug,100,219.000,293.176,26.528230933733457,30.396157072265900,1344.3376476205135,3.60440171869315
7616700192698,M-Classic Butterzopf gross Frischback,100,188.000,294.209,8.360074184653405,22.61483415444460,1291.707212549985,9.374601653364895
4388844118904,REWE Beste Wahl – Mandarinen Nadorcott Kaliber 1/2 (58-74mm),100,32.000,294.234,0.2,86.9,200,0.7
4032108117942,Tamarinden Paste,100,114.000,294.361,0,30.7,1137.6,2.7
4388844016118,REWE Feine Welt Kalamata Oliven,100,55.000,296.288,6.224443876210441,88.1385331933364,257.4429987200638,0.6473421631258859
4002239814003,"Feinkost Dittmann - Oliven, grün ohne Stein",100,55.000,296.380,6.249812499495684,88.49734599029810,258.4922449791415,0.6499804999475512
4037400125039,Katjes - Yoghurt-Gums,100,138.000,298.635,1.5820790018106632,2.8461714677020000,1334.1565938268157,1.4921030117607181
4019339440100,"Kichererbsen, 500 g Davert",100,102.000,298.739,2.5,67.1,538,7.5
7613269260417,A.Best Pesto-Sauce,100,333.000,301.884,47.38301049067545,35.03600289615950,1916.868905313796,5.051936823553357
20130206,Bio Sonne Bio-Brotaufstrich Tomate-Basilikum,100,124.000,301.969,12.51467445864347,64.42042519637700,779.592568643852,2.1902570357026385
9005015012216,Tiroler Butterzopf,100,165.000,303.552,8.899783315969218,33.10588620928190,1166.8084594700229,5.67520126610857
4012200032947,Kühne Röstzwiebeln  100 g,100,129.000,304.598,15.144874732255806,67.84316643987880,761.8252109877103,1.6515378551789859
4008366008582,Hühnerfrikassee,100,195.000,306.308,15.87408860032215,45.94139300038710,1057.411070012958,8.591960999992926
4002809001888,Ruf Soßenfix,100,131.000,307.798,0.12697137012248055,10.288975731471300,1375.5898413799116,0.6532082839515704
4000521711825,Dr. Oetker Gelfix Extra Gelierpulver,100,55.000,307.904,0.37577859159626004,33.86809896516220,97.2479602191866,0.7055497078756661
4013200555542,Ibero Spanische grüne Manzanilla Oliven gefüllt mit Jalapeñocreme,100,57.000,310.571,5.915668222995468,87.1750543573494,252.30115770309254,0.6943974951915286
9002859035494,Aroma Mix,100,63.000,312.105,0.2928635425181011,29.046154221486800,170.76894586194405,0.9493455665648471
7616500634589,M-Classic Gianova,100,306.000,315.367,31.770909421490074,1.6371586800934600,1866.3168181347926,5.289476973345887
4008366008469,Frosta Erdbeeren ungezuckert,100,27.000,316.890,0.24,85.1,49,0.6
4311527569786,Gut&Günstig Möhren,100,32.000,316.909,0.3,89.2,158,0.8
4388844220270,Rewe Bio Möhren,100,32.000,316.909,0.3,89.2,158,0.8
9120030310052,"Marchfelder - Frühkarotten, Klasse 1",100,32.000,316.909,0.3,89.2,158,0.8
7616800810508,Farmer's Best Hackspinat CH,100,67.000,317.155,4.960694533172457,85.578119122067,266.23315313821445,2.6542260147043995
5000159407236,Mars - Schokoriegel,100,241.000,317.445,17.068945117546004,2.436291770570910,1758.6380729714801,4.101907589400232
4012625440372,Marmara Schwarze Oliven Mit Stein Devasa,100,87.000,320.183,9.948522363319885,81.69271984991410,411.4708849469105,1.034646325785268
4103850004726,Rapp's Rharbarber Naturtrüb 2017,100,35.000,320.860,0.11772546285927281,84.84034770645110,204.7827109490789,0.5379477150943752
16229906191,Aroy-D - Grüne Curry Paste,100,68.000,323.973,1.042008411178535,62.75046526210400,302.7567245058007,2.751590901392508
4334011173030,"Real,- Bio kaisergemüse Blumenkohl, Karotten Und Broccoli",100,38.000,324.527,0.33371148788117005,90.6158828259361,132.71637813486575,2.081036737959685
4002239438001,Feinkost Dittmann Spanische grüne Oliven gefüllt mit Paprikapaste,100,95.000,327.702,9.488103882729526,64.47628557634150,392.42797658969323,0.9867628038038707
4023300492135,Langnese Landhonig goldcremig 500 g,100,129.000,329.418,0,20,1300,0.4
4388844099791,Bio Akazienblütenhonig,100,129.000,329.418,0,20,1300,0.4
9101169077160,Spar Natur pur Bio Broccoli,100,44.000,329.900,0.4,90.7,131,3
4300175147910,K-Classic Kartoffelbrei,100,120.000,332.395,7.197316039206596,43.7703048942179,616.3621176016377,2.565109593641245
4311527576524,Edeka Zarte Lotte,100,37.000,332.412,0.15,79.4,22,1.9
39400017301,Bushs Best Kidney Beans,100,82.000,332.643,0.40800182696514425,72.55458558957060,397.03998411933776,5.28869882109235
4005500013495,Maggi Kartoffel Püree komplett mit feinem Buttergeschmack 2x 100 g,100,106.000,336.232,6.051550266435648,65.8720541279154,594.2659760164914,2.9480678686433506
4006040411611,Rapunzel Schwarze Bohnen Black Beans,100,64.000,337.093,0.32240506656225826,81.01473994830350,258.4613950274104,4.191265865309358
7610632992197,MIGROS - rote Zwiebeln,100,46.000,338.630,0.14199160736196323,63.186265276073600,115.72316000000002,0.922945447852761
4020500977820,Appel Zarte Sardinen Madeleine Rot 105 g,100,298.000,338.976,27.958741103943286,53.38936235389140,1265.9213375498548,13.14188166154679
4104420031661,ALNATURA - Meersalz mit Jod,100,68.000,340.272,0,0.0999317064662744,0,0
4019839896964,RAAB KRISTALLSALZ STREUER,100,68.000,340.272,0,0.1,0,0
42208723,Alnatura 24/7 Bio Grüne Oliven mit Mandeln,100,139.000,342.822,12.175851782810645,72.6783340918489,617.4427210412324,4.440505803569344
29061259,Trader Joe's Frische Salate nach Griechischer Art,100,144.000,345.276,7.530224487890275,0,428.8924112703572,3.33674751383316
4008100171534,Hengstenberg Rote Bete-Salat 330 g,100,44.000,353.785,0.0908780838491305,83.94178732582070,203.31086805640047,1.3691712577369575
4028286401164,Hainich Sauerkraut,100,40.000,354.625,0.18,81.37,114.3,1.2599999999999998
4006040277514,Rapunzel Kapern in Olivenöl,100,223.000,356.959,27.304201748694872,62.16093519316710,1064.4543308857021,1.6520010002067391
4008471507970,Söbbeke Pauls Biomolkerei Bio Erdbeere Joghurt Mild,100,83.000,357.736,0.3975032684803891,37.20256550653000,465.37493998425316,0.5391262897025946
20005719,Alesto - Pistazien,100,356.000,361.742,36.17957041612266,3.2779352392540200,461.20803728660866,16.786016904777632
4046006047409,granoVita Vegane Leberwurst,100,118.000,373.279,0.6,66.4,481,7.8
4311501469576,EDEKA Steinpilze,100,55.000,373.386,0.4,88.6,132,3.6
4260122391059,True Fruits - Green Smoothie,100,46.000,378.324,0.24864167378643504,82.95384784442620,236.80371923254097,0.6894710467369286
7640133342030,Quinoa Pasta -Müscheli,100,111.000,382.422,2.16,57.15,529.2,3.9419999999999997
4316268361545,Suppengrün,100,45.000,385.478,0.3269695339486552,88.62682349285170,150.48999152739475,1.7105568665919062
87666052789,Sriracha Hot Chilli Sauce,100,82.000,386.435,0.17545447876405157,63.27439097746680,463.6362593540523,1.9683627026967219
7616500020368,Frey Truffes Lait,100,361.000,387.916,34.01190345677936,0.8836130303662960,1522.797491303184,4.727157631627447
4046800110903,Mondamin Soßenbinder hell 250 g,100,171.000,387.975,0.13055782840716304,7.627480539294790,1417.8323920230978,0.8727226546140184
4000607055102,Aero Vollmilch,100,356.000,388.903,31.82224065422484,0.7189740252797560,1547.0833252488933,5.072379343790521
4011800181017,Schwartau extra Konfitüre Samt Erdbeere 270 g,100,114.000,389.388,0.25994716224621434,44.52846770514020,924.3077543690567,0.39994716224621435
8000920500224,Magnum Almond,100,270.000,392.331,21.931893069591716,40.03802314028870,1244.9417564720616,5.1476258813411935
40081960,Hengstenberg Rotessa Rotkohl traditionell 550 g,100,49.000,393.445,0.3018871258083269,84.38896403850540,203.4844652940858,1.2768320081890445
4334011187013,Real Bio Buttergemüse,100,132.000,398.468,7.298799499977432,71.79609050060710,566.6871249903729,3.8453414999420827
4009233012589,Original Wagner - Big Pizza Schinken Diavolo,100,210.000,403.760,8.10206340387611,45.48527930883290,948.4221487938968,8.100933847340734
4017100290008,Leibniz Choco Vollmilch Kekse 125 g,100,361.000,404.626,25.87956660042932,5.191534593845330,1627.0114827303491,7.372128194212353
4001724010401,Dr. Oetker - Pizzaburger Salami,100,266.000,404.983,13.446328590288594,40.715521812709000,1126.4196013400951,10.243574210199135
4000405004548,Rügenwalder Mühle - Vegetarischer Schinken Spicker Mortadella,100,190.000,405.092,10.669110115470284,59.04209211265660,543.9780273006091,8.568567551801094
7622210211293,Milka Choco Bonbon Caramel,100,314.000,405.601,17.001782724004087,0.922701540592908,1828.1950509702388,4.20235415444332
4002971396201,Ehrmann FrüchteTraum Kirsche 115 g,100,195.000,407.857,12.302330000138774,56.66259500027360,926.9097199920415,4.09284099999396
4008400321622,Ferrero Kinder Bueno,100,467.000,410.778,37.34628785481681,1.7894109973496700,2151.7962041695932,8.420501612895551
4388844256064,Rewe Ja! Thunfischfilets In Sonnenblumenöl,100,363.000,413.219,22.044620556993912,54.51192700716690,1130.460661343601,18.486
4250241205849,Iglo Gerührt & Verführt Tortelloni Ricotta e Spinaci al Formaggio,100,130.000,415.534,5.627645053347451,71.24694497746610,523.7152373564405,4.268618667496912
4250241204064,"Iglo Buttergemüse fein & knackig, 300 g",100,103.000,419.877,5.342521988109783,78.65080792093880,416.0466607249447,2.2823956238899505
7613312028537,LeChef Fleisch,100,76.000,420.932,0.8146019854196751,42.60058016231720,94.95356293935669,1.3497448883288359
4002671057563,Patros in Öl,100,530.000,424.260,54.5466010237509,31.70162298844480,2136.3897207566006,6.2503659973671075
7610632948897,Coop Naturaplan Bio Zucchetti,100,41.000,425.031,0.2,94,80,1.8
3045140105502,Milka Alpenmilch,100,423.000,427.028,32.43509719182009,2.5731485149104400,1721.2848211987357,7.493432033324849
4305720052442,tegut... Wildreis,100,258.000,432.849,2.8,11.4,1510,7.5
7610200010919,Vollreis Natura,100,258.000,432.849,2.8,11.4,1510,7.5
4311501354094,EDEKA Chili-Bohnen 425 g,100,106.000,433.007,0.4007333620441311,72.42716621322980,388.6650517927161,5.263660113761371
4000400130693,"Pfanni Kartoffel Püree mit entrahmter Milch komplett 3x 94,5 g",100,121.000,435.320,3.9421000006019904,67.03818000001820,500.16000013828983,3.2264999999999997
7616600590105,Valflora Crème Fraîche,100,342.000,435.741,35,58,1380,2.3
4260185440251,"Luisenhof - frische Eier aus Freilandhaltung, 6 Stück",100,219.000,435.800,10.3,76.2,589,11.9
7610200313737,Migros Bio 6 Bio-Eier,100,220.000,437.790,10.3,76.2,589,11.9
4316268523912,BioBio - Saure Sahne,100,344.000,438.289,35,58,1380,2.3
4334011001524,real Schmand aus Sauerrahm,100,344.000,438.289,35,58,1380,2.3
4030800017188,Nordsee Flußkrebs Cocktail Apfel & Curry,100,211.000,444.309,14.172856494754676,65.66136489271880,689.5583986165209,5.762959154301501
4009700035684,Danone Fruchtzwerge weniger süß 6x50g,100,214.000,445.401,12.987999996958713,36.5733333282818,910.6399998265015,2.0699999995223353
9100000748511,Spar Majoran Gerebelt,100,75.000,446.526,1.1,79.2,44,4.3
9019100740700,Nöm - Fasten Molkedrink Mango-Maracuja mit Stevia,100,43.000,448.118,0.18989301822675406,88.55315354164770,139.4975490515321,0.7026795057894688
7613034229069,"Libby´s Pfirsiche natursüß, 410 g",100,63.000,449.826,0.10000000001939575,56.833333350963800,154.66666672325948,0.23333333337033108
4311596457410,Gut&Günstig - Steinofen Pizza Margherita,100,85.000,453.075,4.5531770411510255,84.01612288508260,297.40996844258666,1.1199897657238362
4388844006553,Rewe Bio Petersilie tiefgefroren,100,83.000,457.975,0.5,82.1,235,3.9
4388844114289,Petersilie,100,83.000,457.975,0.5,82.1,235,3.9
4104420175587,Bio Dill Alnatura GmbH,100,83.000,458.594,0.8,83,242,3.7
4006237090131,Reis-Fit Basmati und Wildreis im Kochbeutel 4x 125 g,100,258.000,460.421,0.93,11.91,1484.5,6.99
4006237640404,Oryza Basmati & Wildreis lose 500 g,100,258.000,460.421,0.93,11.91,1484.5,6.99
4002674314014,Ostmann - Austernpilze getrocknet,100,55.000,462.338,0.4,90.5,105,2.4
4388844133754,REWE Beste Wahl Austernpilze Aromatisch,100,55.000,462.338,0.4,90.5,105,2.4
4306188349167,"Frischgold Körniger Frischkäse, 200 g",100,225.000,464.233,14.790925421427849,47.918131756140400,658.2842862928032,4.574339901223676
4388844093171,ja! - Mandarin-Orangen,100,63.000,465.532,0.16875342419647602,80.8813762279428,288.88623050587756,0.84376712098238
20017262,Jasmin Reis,100,258.000,465.656,0.6,12,1480,6.9
4311501349342,EDEKA Basmati-Reis im Kochbeutel 4x 125 g,100,258.000,465.656,0.6,12,1480,6.9
4388844159976,ja! Milchreis,100,258.000,465.656,0.6,12,1480,6.9
7613063000431,la riseria Riso Ticinese 1kg,100,258.000,465.656,0.6,12,1480,6.9
9100000044606,Landkorn Naturreis,100,258.000,465.656,0.6,12,1480,6.9
4388858205669,Bio Zwiebeln,100,64.000,471.138,0.14199160736196323,63.186265276073600,115.72316000000002,0.922945447852761
4250262708138,"Spreewald Feldmann Kürbis Würfel, 720 ml",100,61.000,471.242,0.06807463935999253,70.96821023246880,209.8983890279622,0.41642917632012194
4250241201605,Iglo - Basilikum,100,75.000,477.257,0.8,86.4,194,3.1
7613269197485,M Classic Russischer Salat,100,54.000,477.304,0.08800000000000001,88.63059255565210,158.778,1.5839999999999999
4008366007011,Frosta Gemüse Pfanne Sommergarten,100,86.000,477.830,3.587730396199206,84.93409002609370,272.1882232603903,1.6562106628609916
4000286217082,Müller´s Mühle Red Kidney Bohnen,100,153.000,483.997,0.6,66.4,481,7.8
7613312018132,Schnittlauch,100,65.000,486.609,0.6,91.3,124,3
3487400000927,Uncle Ben´s Risotto Tomaten und italienische Kräuter 250 g,100,256.000,491.286,4.074106081427907,25.782527632601800,1272.5953260564984,5.9287042611051
5760466904780,Arla Kærgården® ungesalzen,100,561.000,491.863,55.355,31.640000472270900,2056.5,0.2
4008366011568,Rahm Gemüse bunte Karotten & Erbsen,100,130.000,492.069,6.752573057485767,79.36546323922930,438.0003225688138,2.2786997612314144
4005500339403,Maggi Ravioli in Tomatensosse 800 g,100,106.000,492.920,2.403550430237813,77.0611218192263,363.6358274782036,2.8691474454404973
4388844148659,"Ja! – Frische Vollmilch, länger haltbar",100,719.000,494.002,70,20.3,2730,1
20320454,Alpenfest Rustikale Kartoffelpfanne,100,133.000,496.433,5.497773401942686,77.65205163893640,396.95925454562763,3.573291718699326
5411361017852,ardo - Blattspinat,100,60.000,497.620,0.4,91.7,95,2.7
7616800810492,BLATTSPINAT,100,60.000,497.620,0.4,91.7,95,2.7
7610632995921,M Kräutergarten Rosmarin,100,75.000,498.906,2.5,85,260,0.8
9100000741321,Spar Rosmarin geschnitten,100,75.000,498.906,2.5,85,260,0.8
3073786863111,Kiri - mit Sahne,100,327.000,499.218,25.4759406499353,62.66861680757110,1073.3377682777489,4.590674209424404
7610200370921,Milch-Schnitte 5er Pack,100,371.000,499.305,22.91732626890769,37.592711358096900,1391.1999368050137,6.016885068239333
4019736006121,"ZWERGENWIESE Curry Ketchup, 500 ml",100,125.000,499.995,0.5546001320338135,63.42794774401660,541.2034796970942,3.162964828765149
4250241201247,Iglo Rahm-Gemüse - Rosenkohl,100,108.000,501.077,3.451031222224715,83.11673168621530,304.1547562360396,3.324249270447026
4032549002425,Dovgan Taschki Pelmeni mit Schweinefleisch,100,244.000,502.254,4.031990264520911,51.51251523501040,789.8692335848353,10.93881374394188
4250241203524,iglo 15 Käpt'ns Fischstäbchen,100,281.000,503.662,7.033063574202603,56.57712786203670,783.5447388276345,13.609632674506862
4335896694733,K-Classic Chocolate Brownie Ice Cream,100,289.000,504.603,15.73315995366605,48.86331103935060,1128.5332655188288,4.586814475578709
4305720037753,tegut... Back-Camembert,100,480.000,506.710,22.874629298384818,35.47343994911430,1435.1023729633869,17.211764742790994
8000920704998,Ben & Jerry's - Cookie Dough Ice Cream,100,230.000,516.027,12.067427747245922,59.21045127308640,888.4885665176414,2.9864207945437964
4008366011766,ButterGemüse    Frosta,100,243.000,516.145,14.842868411826169,60.8203174317994,796.7693293671612,3.5984937261403642
4104420129887,Alnatura Crema con Aceto Balsamico 250 g,100,54.000,520.311,0,84.76,236.4,0
4104420182844,Alnatura Dattelsirup,100,95.000,526.217,0.075,70.525,438,1.125
4052600004809,Hartkorn - Gewürzdose Salbei gerebelt,100,83.000,527.756,2,85,243,1.7
9002235018417,Spar Frischer Thymian,100,75.000,533.244,1.2,85,220,1.5
9004145003187,SONNENTOR Thymian 25 g,100,75.000,533.244,1.2,85,220,1.5
4104060027635,Andechser Natur - Bio Lassi Chai,100,177.000,543.566,2.4544728413856487,0,298.5850445240203,2.726827664242725
29035564,Ursi „Eis-Schoko”,100,90.000,545.678,1.7122191500356803,85.38801002037840,266.9076075718403,2.1414606191535697
4101530001355,Berchtesgadener Land Frische Vanille Milch,100,115.000,548.472,1.920683267593418,68.16636072029780,326.7155968839327,2.417784501023204
4019738011154,Viana Bahia Beach Power,100,127.000,549.705,2.9161477927360715,75.52325946355990,438.962447652362,2.5807128557221573
8715700012506,Heinz – Tomato Ketchup,100,94.000,551.735,0.13802552649343622,70.58877727890130,449.61476460885615,0.3905623284390301
4388844167407,Naturgut Bio Gurke,100,39.000,564.957,0.1,96,56,0.7
40255675,müller - Milchreis Zimt,100,129.000,565.019,2.636131778632068,74.91134425380950,436.48101158077986,2.579269703002459
4005080016114,Speisezwiebeln Klasse 1 Unsere Heimat,100,62.000,565.537,0.2,89,163,1.3
8586008305511,Beerenmix tiefgefroren,100,62.000,566.778,0.45000199999516693,87.44991900018090,176.00050999884587,0.85000599998653
4311501477489,Nordsee Krabbensalad,100,414.000,569.818,14.996170280541346,58.17461680347600,766.6734310092658,18.295377509846524
8005110550614,Mutti Datterini Datteltomaten 400 g,100,46.000,572.110,0.24811802289637805,94.05940988551810,84.84944183171025,0.8
4026367003207,Bio Bauern Handkäse,100,139.000,573.631,3.2000001171415975,26.783334310706900,166.66667276779154,1.160000042463829
3165950215472,Thunfischfilets in Olivenöl,100,411.000,574.910,10.287811891795455,65.0990986732235,747.973682500156,21.607081560520797
9008695939224,Iglo - Schlemmerfilet à la Bordelaise Classic,100,319.000,577.704,9.79514846090603,68.29114343125480,684.7463458042263,13.453805743076352
4311501344972,EDEKA Stangenspargel 530 g,100,50.000,577.924,0.12264616499703054,93.71770594142410,69.90831404830742,1.349107814967336
4001497287208,hohes C Milde Orange,100,65.000,579.685,0.5,86.57100000000000,216.49,0.504
7613269260615,Orange Aranica,100,65.000,580.708,0.5,86.6,216,0.5
7613269260639,Saft - Blutorangen,100,65.000,580.708,0.5,86.6,216,0.5
4311501347652,EDEKA Italia Geschälte Tomaten 800 g,100,138.000,583.065,3.499999999160309,39.874999993684200,222.99999994871686,1.2999999997154033
4311501602898,Edeka Gut & Günstig Delikatess Fleischsalat Mit Eingelegten Gurken,100,601.000,589.492,33.866276637767356,56.32524824624630,1602.754065844433,14.303289648334685
4036300109972,Milram Buttermilchdrink Ipanema,100,99.000,598.221,0.44357336198452124,79.97053340875590,248.77854780218323,2.700693447938085
4104420025882,"Alnatura Bio ganze Tomaten, geschält 400 g",100,48.000,604.073,0.2195135569027345,94.20243221548630,82.56108455221876,0.8
4300175519892,Indian Chicken,100,233.000,604.152,5.442999410085102,53.66241402207170,646.6699667702951,5.788074221212294
4009233003587,Wagner – Original Wagner Steinofen „PIZZA Speciale“,100,381.000,606.679,11.53320484868199,47.604261266636400,985.0435552209489,11.862831282355152
4104420112469,Alnatura Schoko Eiscreme,100,319.000,608.332,14.843447579222456,54.511296965334200,981.383829105224,4.332107412671785
20165437,"'Milbona, Dessert mit Sahne'",100,221.000,609.082,9.066347335407908,68.28963393194680,676.5779467319081,3.098362354723686
22961938,Penny Rahm-Spinat Erntefrisch Tiefgefroren,100,112.000,610.252,4.46939066880672,87.3407746241244,249.93162962434027,1.7045543981619562
4388844138049,Rewe Beste Wahl Cornichons mit Kräutern,100,67.000,612.461,0.3264255560383999,85.7033510060307,184.57372780651946,0.6896790307008247
4311501484418,Gut & Günstig Hühnerfrikassee,100,195.000,612.798,5.048363921012709,80.50088384630720,400.8251998655034,7.003202302764782
4316268503082,Mein Menü Hühnerfrikassee mit Gemüseeinlage,100,195.000,612.832,5.047464218440315,80.50220404951710,400.79915043002467,7.003163877195037
24713290,Bio Amaranth,100,69.000,614.625,0.2,92,114,2.2
8809059291009,Hosan Yaki Nori,100,88.000,615.108,0.6,81.6,223,1.7
7611654700333,Mozzarella Sticks,100,499.000,617.803,17.51161377526889,42.497790349126000,1210.4381727688863,15.572377867171456
4005009101884,Käse-Gebäckstangen,100,617.000,618.313,27.001724054641894,11.486047387052200,1893.9979376705182,10.72942499914938
4025500154714,milka schhikolade,100,120.000,619.371,1.637922452398652,81.7783924857169,316.2623284370375,3.045900619602796
3023260001362,Roquefort Société,100,668.000,619.423,31.5,42.5,1490,19.1
4388844267176,Rewe Ja! Tomaten Ketchup,100,152.000,623.635,0.3758410513600902,62.43738749512900,448.16453158446194,3.7245537776266158
4006181006875,Schwarmstedter Kartoffeltaschen,100,364.000,626.941,13.781533649508221,63.50538004144060,839.5144602948893,10.483328094782095
4008366010868,Frosta Schlemmerfilet Bordelaise,100,248.000,638.066,2.8699263316424193,71.31692779797420,465.6139331212495,11.061926181213012
4400139006069,Werder Bio Tomaten Ketchup,100,145.000,638.355,0.17474535499487984,67.13180207122100,459.14737750969766,3.2305750045858703
4337185016929,K Classic Pizza-Tomaten Stückig,100,161.000,646.828,4.666666666672827,53.166666665652800,297.33333333298646,1.733333333326521
4040600026259,Landliebe Grieß Pudding Vanille,100,210.000,648.550,6.831999999999999,71.03300000000000,581.948827566,3.5109999999999997
40004952,Becel - Diät Landleberwurst,100,531.000,648.584,21.53734690964585,54.12682465720560,1096.5430803138772,15.669817534497007
4002239680509,Feinkost Dittmann Artischockenherzen je la Toscana,100,99.000,657.689,1.4201662547438159,79.14543910429330,71.62225554673923,2.808213267528452
4008366010387,Frosta Fischstäbchen,100,367.000,659.642,7.629008618343299,57.09280934273920,774.2212383818526,13.25679021653423
4005979003577,Ja! Natürlich - Mediterrane Pfanne,100,103.000,666.408,2.828688547920754,88.1189156816778,211.1450873914013,1.5808253198533324
5038862230087,Innocent Super Smoothie Activate,100,69.000,668.872,0.143700003304472,86.07060293540110,204.83700633963014,0.29180000326607675
9100000017907,Spar vital - Bio-Cocktailtomaten,100,55.000,669.789,0.3,93.8,89,0.8
7640106262594,Via Emilia Antipasto di verdura,100,223.000,670.837,8.960489967858896,72.67793713229490,583.7993217384887,2.711671631582713
40081588,Hengstenberg Honiggurken 330 g,100,86.000,684.542,0.21812380107559243,82.92919838121450,263.09197152249953,0.6881512214705664
4001518107584,DeBeukelaer CheeOps Gouda & Romano,100,589.000,687.077,23.08129300102522,27.44972986853980,1526.374011701005,10.260391121724908
7613030252085,Buitoni - La Fina Prosciutto e Pesto,100,423.000,689.189,11.270042079136283,52.589253536560500,908.6063672578732,12.413114945940404
3165950577785,Saupiquet Thunfisch in Tomatensauce,100,285.000,690.963,5.134536478279258,72.1244118251976,476.78975840921817,10.879420007123633
4104420076761,Alnatura - Fruchtbuttermilch Orange-Maracuja,100,107.000,695.630,0.47092893420525705,84.11837754288430,253.55913165557374,2.3457632370312096
22121875,Sun Snacks - Käse Stängli mit Butter und Schnittlauch Zwiebel Stängli mit Butter / Salz Stängli,100,1032.000,705.642,62.15412633601886,9.9439359589525,2852.0322244736285,4.550737416272313
7610632969359,Swisscofel - Datteltomaten,100,73.000,708.463,0.24675003685186636,77.15051152235020,73.20251093272036,0.6580000982716437
4011800046002,Schwartau Bourbon-Vanille Sauce,100,237.000,710.649,6.10656862248581,53.28585915879510,605.2156332311855,2.6962744932718006
8436547720088,Bio Spargel,100,80.000,712.608,0.2,92,114,2.2
4388844114333,Rewe Bio Passata,100,319.000,713.591,12.6,57.79,744.3,3.9600000000000004
8001250009852,De Cecco - Passata di Pomodoro,100,319.000,713.591,12.6,57.79,744.3,3.9600000000000004
4033689030101,Spreewaldrabe – Salz-Dill-Gurken,100,42.000,716.480,0.04859592828899813,95.23598813398720,27.211659369709388,0.34015249366839384
4019300004652,Exquisa – Quark Genuss,100,243.000,721.562,6.4333333328469156,59.066666727544600,550.3333331431237,3.726666666760812
4388840222711,Ja! Frikadellen,100,443.000,723.083,11.307383080667103,54.61231280095180,830.623126339107,13.260507640994284
4008258450017,Seeberger Tomaten getrocknet,100,329.000,727.026,12.88,59.07200000000000,760.84,4.048
2138057000006,Bio Emmentaler mittelreif 250g,100,957.000,730.624,32.6,35,1700,29
29014415,iska „Ungarische Salami“,100,641.000,730.738,19.447311186256965,55.16873734891430,1078.3698609339467,20.719975235203155
4040600080107,"Landliebe Landmilch Schoko, 350 g",100,163.000,730.914,3.5172393041567536,83.31469298513890,337.0171926460235,3.4131557068890266
20240059,Bio Oraganic Strauchtomaten,100,347.000,731.294,14,64.2,827,4.4
4311501446232,EDEKA Bio Tomatenmark 2-fach konzentriert 200 g,100,347.000,731.294,14,64.2,827,4.4
4311501339190,Edeka Premium Apfel Direktsaft,100,80.000,731.630,0.08558712898138424,75.05991211667400,161.7596737748162,0.08558712898138424
20144968,Bio Organic Süßrahmbutter,100,1217.000,737.638,82.2,16.6,3060,0.5
4311596460151,Gut & Günstig Deutsche Markenbutter mildgesäuert,100,1217.000,737.638,82.2,16.6,3060,0.5
4000339001125,Kraft Tomaten Ketchup groß 750 ml,100,163.000,741.813,0.1443646676698861,66.1710417441111,480.51150983847657,2.529130184032626
4012414085555,Mini-Romatomaten,100,352.000,741.832,14,64.2,827,4.4
9010158001959,Niederösterreichische Erdbeeren,100,76.000,745.446,0.5,89.9,167,0.7
2150573000001,Bio Bündner Bergkäse ca. 250g,100,943.000,746.099,32.1,36.4,1660,27.2
4388844082335,ja! H-Schlagsahne,100,525.000,748.994,30.40063382189781,51.89073704082560,1196.8065613793106,1.7471628633274605
4388840024384,ja! Kaffeesahne 12% Fett,100,538.000,751.303,31.319999999999997,53.46,1233,1.8
4101530003106,Berchtesgadener Land – Haltbare Bergbauern Milch,100,143.000,752.166,2.8,88.4,240,3.4
7616600711364,Bifidus - Joghurt Mango,100,151.000,755.639,2.5185726872610834,80.49086622374140,366.6792846708036,2.201408268219606
9004145003996,SONNENTOR Chili Schoten ganz feuerscharf,100,98.000,757.554,0.2,88,199,2
4250840730070,Kissyo Bio Frozen Yoghurt Natur,100,186.000,759.124,2.8158092061982893,72.04273516493710,431.6469511550975,3.2041260842284855
2159673004650,Migros Fleischkäse,100,462.000,759.935,13.406318360986175,67.12948768696790,711.1302994656525,13.882415156760104
22129949,Valflora UHT Vollrahm,100,589.000,761.552,34.79924400549933,59.398709595593700,1369.9702381475313,1.9999565520401916
9002235000009,Chef Menü Koriander Küchenfrisch,100,84.000,763.365,0.5,92.2,92,2.1
40737126,Kühne - Balsamissimo Feine Balsamico-Creme,100,75.000,764.295,0,85.89400000000000,213.36,0
22135926,Yogos Classic,100,252.000,764.572,10.451596184188386,81.46482609735370,510.1955704909096,3.0652072294500106
4009700076854,Danone -  Actimel Erdbeer-Banane,100,174.000,766.574,2.647475409298792,74.72456893905640,373.7171508590852,3.0813528169831863
4104060031526,"Ziegenmilch Bio haltbar mindestens 3,0 % Fett Andechser Natur",100,142.000,767.325,2.88,79.83,213.3,2.5199999999999996
9000144076603,Brunch - Paprika-Peperoni,100,468.000,769.179,25.19483568105863,65.20269742337480,1024.8405694533874,2.7923587679819986
4300175127882,K-Classic Schlagsahne,100,516.000,769.385,27.686790281497707,52.667780975400500,1216.962762889697,1.7027290618086885
40122991,Kühne Rotkohl Original  350 g,100,89.000,775.645,0.13362522396421916,84.42280890832380,219.81821015724395,0.6707556165540729
4388840219575,Ja! Königsberger Klopse,100,302.000,780.802,8.985560273074768,75.70503576373270,536.9260158705767,6.561168035088692
29066711,Mama Mancini - Lasagne Bolognese,100,358.000,781.557,9.542403155193753,69.07913169652960,672.1704124458012,8.387015604484413
4009900447249,Wrigleys Extra Professional Mints Waldfrucht 77 g,100,133.000,785.884,0,23.14907290467820,27.2489087106903,0.09999599526858827
4002468186599,Gervais Paprika -Quark-,100,389.000,786.635,14.550569114281434,68.96312957902430,745.947317835968,6.403382470508066
4000339035229,Kraft Philadelphia,100,386.000,789.158,19.20648768156549,72.92815637537100,819.0587062913472,2.6261395028147674
7616600708111,M-Budget Cottage Cheese,100,171.000,795.914,4.263227826686435,85.55158335815730,286.6648795386511,3.1314957808153547
4260217270269,Bio Garden Bio Zitronen,100,72.000,798.280,0.4,90,94,0.8
20649784,Saladinettes Salat Mexicana,100,179.000,802.934,4.254915628561105,83.09316919826980,279.9311413911731,3.4413492464796867
4104420136069,Alnatura Kräuterquark,100,388.000,803.735,15.759131996771314,72.18174899749270,739.8943412924924,5.267510698714782
22126184,Primana Snacks Chili-Cheese-Nuggets,100,497.000,803.966,13.101474018987243,37.672968427930500,1070.8569701316771,8.500018018076188
4311527651658,Edeka Blattsalat-Mix,100,69.000,812.485,0.22,94.67,62.6,1.35
7616800202051,M-Classic Apfelsaft,100,78.000,812.715,0.14,87.5,191.5,0.14
9066001402404,Smoojo,100,142.000,816.631,1.8298154412240606,81.95884130609190,274.6437878841668,2.187995933454995
4101530001188,Berchtesgadener Land Bio-Topfen,100,420.000,818.527,15.6,72.8,759,7
7611100399630,Stocki mit Milch,100,292.000,820.161,4.587285527000343,59.735428212018900,583.757136247071,5.818999614412471
7610200011527,Migros - Rahmquark,100,435.000,826.253,16.784994636576617,72.10422343547780,793.1032964545345,6.5818510750903405
4250262708251,Orginal Spreewald-Gewürz-Gurken,100,82.000,827.885,0.21987898889438473,88.6435846478411,146.26287878850377,0.8041311597876093
4003490323600,Elinas - Joghurt nach griechischer Art Natur,100,270.000,830.521,9.8416,79.46180000000000,438.726,3.7179999999999995
4008534060206,Schwälbchen - Speisequark Magerstufe,100,427.000,832.169,15.6,72.8,759,7
4809418230650,TIP - Leberwurst fein,100,635.000,835.174,13.788947999445869,61.84147599121680,864.3396301019983,20.454691008273027
4016435000863,Thüringer Landgarten Bio Cornichons,100,76.000,840.540,0.4579212090622537,91.1168174771726,127.12325977604257,0.5585960744520474
42260868,BioBio - Lassi Mango,100,175.000,840.714,2.428118011231694,75.57405019465650,318.3638716032015,2.7532463233114903
4104060025679,Andechser Natur Bio Mango-Vanille,100,193.000,841.627,2.9988354164623727,76.82110636215260,354.4455147974589,3.358630615946113
4388844102644,REWE Beste Wahl Romana Salatherzen,100,69.000,852.234,0.2,95,59,1.2
20004361,Freshona Cornichons,100,80.000,853.970,0.18435731653204104,89.37743193431690,120.54595665988676,0.8333660549509214
4008100169159,"ORO di Parma Tomatenmark 2-fach konzentriert, 70 g",100,182.000,858.719,0.2,76.7,326,4.5
7617400050042,Frozen Yo Nature 450ml,100,206.000,858.739,3.4472294121266422,64.3272387441507,347.4514291724228,2.580931003706614
4015533027246,Bio Apfel Saft,100,81.000,860.983,0.1,87.7,189,0.1
4014049001443,MARK BRANDENBURG - Joghurt mild „Mandarine”,100,196.000,881.099,3.019605985487379,78.60966377405210,325.19990519255407,3.394729999098396
4335896497501,K Classic Kondensmilch Wärmebehandelt,100,187.000,884.651,3.973224649845668,86.7156279828817,282.0989501390424,3.277910336122676
4000504176719,ROUGETTE Ofenkäse,100,188.000,889.060,4,87.3,284,3.3
4006402020413,Bavaria blu - Der Würzige,100,188.000,889.060,4,87.3,284,3.3
4040600078098,"Landliebe Frische Landmilch 1,5%",100,188.000,889.060,4,87.3,284,3.3
4305720058406,"tegut... frische Vollmilch 3,7% Fett",100,188.000,889.060,4,87.3,284,3.3
7610200363992,"Brie Schweizer Weichkäse, vollfett, pasteurisiert Bio",100,188.000,889.060,4,87.3,284,3.3
4316268531368,Fein Wurst Hofmaier Frikadellen-Bällchen,100,571.000,889.751,8.478796359369964,59.54736606651540,763.0432528454046,17.945969049477597
4316268503549,Mondo Italiano Aceto Balsamico Di Modena I.G.P,100,97.000,895.119,0.029000000000000005,71.53541976178150,123.60440532770302,0.10866426098691813
4101530001041,Berchtesgadener Buttermilch - Buttermilch,100,125.000,895.978,0.5,90.8,141,3.2
8619053089195,Coop Naturaplan Bio Tomaten Schweiz Freiland,100,74.000,901.170,0.3,93.8,89,0.8
4300175330756,Marktfrisch aus Deutschland – Chicorée,100,70.000,903.494,0.2,94.7,56,1
2110241000009,"Appenzeller Schweizer Halbhartkäse, vollfett, aus Rohmilch",100,195.000,914.987,4.1,87.2,286,3.3
9019100594006,NÖM - Buttermilch natur 1 %,100,138.000,916.094,1.0413048018648023,90.25869519813520,163.11616761904762,3.2154658514818517
9009504000784,Hofstädter - Leber-Streichwurst,100,573.000,924.951,8.775984093473111,68.6546558714203,643.3701975015325,18.45334469004877
9300657036270,Heinz American Mustard New York Style Mild,100,240.000,931.538,5.0737020000665005,79.08128459968340,363.41412768246994,3.7201871572434273
4316268469661,Hofmaier Lachsschinken,100,477.000,932.296,6.043344685722497,55.01589887823680,465.3316176384043,14.520945056437364
3057640450808,Volvic Tee | Grüntee & Minze,100,58.000,933.134,0,95.00101880598910,84.94639127686014,0
4003751002008,Alpenhain - Back-Camembert mit Wildpreiselbeeren,100,185.000,933.726,0.2622857142904771,50.08971429495220,434.0171431411973,0.16628571429047712
2400016001561,Bauernsülze von EDEKA Meyer's Frischecenter,100,390.000,953.184,4.5804226880466015,66.41370775355630,369.36621902638063,11.566562121703605
4000405002087,Pommersche Gutsleberwurst grob,100,567.000,960.488,6.599109599872434,64.75840559759110,556.3497680168962,18.71099759968025
9012100021060,Reiter - Mettwurst fein,100,678.000,962.581,11.03946670191908,66.63237895316060,760.1394087168195,20.518380909972684
4003387001017,Surig Essig-Essenz,100,42.000,963.416,0,99.15142857142860,12.085714285714284,0.012857142857142855
4008100168039,Oro di Parma Tomaten stückig,100,80.000,974.238,0.3,93.8,89,0.8
4388840101238,"ja! Champignons, 3. Wahl, geschnitten",100,83.000,990.253,0.14658857816869808,93.81744812046120,45.93108782619206,1.4170229222974147
7611357010692,Käsechips,100,892.000,990.548,23.844,53.68,1201.12,17.791999999999998
4006784629754,"Wilhelm Brandenburg - Rosmarinschinken, gegart",100,518.000,991.366,6.213199651066279,58.42953128184490,500.8088749949174,15.007933471667585
4316268463249,Hofmaier Original bayrischer Leberkäse,100,572.000,999.289,7.092189296708297,60.10343743441120,544.3425634132341,17.03156619910532
4388844044111,REWE Beste Wahl – Peperoni nach griechischer Art,100,102.000,1008.205,0.14000002295545813,71.63001085242370,51.60000769007847,0.3200000516497808
4316268466783,Feine Wurst Hofmaier Bockwürstchen,100,518.000,1014.085,6.3604146148327265,70.56413768187710,504.84093274324107,15.314971265832085
4004015212539,Bockwurst,100,632.000,1014.102,8.331726200476272,66.872900087146,629.1169613841128,18.939135434352323
4002971001204,"Ehrmann Fettarmer Joghurt 1,5%, 150 g",100,230.000,1015.303,4.596,84.62050000000000,238.935,3.955
4104420112124,ALNATURA - Brechbohnen,100,118.000,1019.436,0.2,90.3,129,2.1
7610809082331,COOP Bio Bohnen fein,100,118.000,1019.436,0.2,90.3,129,2.1
24658928,Penny Sahne Schmelzkäsezubereitung,100,645.000,1021.204,19.936735705368587,62.276481331542600,971.5121561738083,7.906021105886657
4388844089068,REWE Beste Wahl Pfannengyros,100,635.000,1022.736,8.17086574178932,66.98066186703330,624.6298922104414,18.96603019240839
4388840218851,ja! Bockwürstchen in zarter Eigenhaut,100,500.000,1023.425,6.120865175152777,75.6527324789432,494.4703157472443,14.761781242961602
4316268520362,Mondo Italiano Prosciutto Cotto,100,624.000,1023.528,7.656023831656945,62.762510335606200,608.1916694391141,18.433072128286593
4104420187214,Alnatura Bio Lachs Schinken,100,624.000,1023.938,7.626664671463544,62.660118090660800,614.4245644454016,18.36932704908841
4006784002571,Timmendorfer Traditions Ostsee-Kernschinken,100,634.000,1030.479,7.84715707714409,65.82842358575380,610.642265284005,18.886629058797904
4000400145604,Du darfst - Die Hauchfeine Baguette Salami,100,637.000,1031.123,7.8969817687972474,66.383957900342,614.9658090734887,19.008518804849817
4045518462236,Meister's Wiener Würstchen,100,571.000,1033.154,7.057481977403363,72.38292823732120,549.8415023135982,16.997233775855214
4004787051923,HEIDEMETZGER Frühstücksmett - pikant,100,655.000,1035.315,8.108106928941544,66.31701945705920,636.3885921786898,19.51316132429141
4000503122403,Meica Trueman´s Hot Dog Würstchen,100,556.000,1037.619,6.827900159420316,73.52957907716050,531.9060919343276,16.458642001733615
4000400001399,Du darfst - Rinderroulade,100,259.000,1037.988,2.4224114209321113,74.57062560525310,341.076317058074,4.832504939271621
4019777434075,Delikat Frische Schinken Zwiebelmettwurst,100,661.000,1038.731,8.16787050937162,66.97176051884530,644.7545807322356,19.666208637518395
20500863,Dulano Selection Prosciutto Cotto,100,643.000,1039.173,7.833653947325755,65.51564957320570,628.7616536888881,18.89532127218504
3449860000374,Aoste Ringsalami luftgetrocknet 250 g,100,655.000,1042.179,7.945006651055897,65.7146854679322,653.5788629496768,19.1615266028757
4250241205740,Iglo Gerührt & Verführt Thai Hühnchen mit Basmati Reis,100,595.000,1054.462,3.368461053536752,70.82047856947400,617.4811040903976,19.35116902178169
40205687,Appel Worcester Sauce,100,146.000,1081.764,0.12929131941660996,76.98832625582870,290.6897259628846,0.47257710242318074
4251097400884,Bifisalami,100,653.000,1106.192,7.17246342675725,67.24771293246720,586.8890045261396,18.26105979438343
4388840101757,"Ja! - Toast-Schmelzkäse,",100,710.000,1107.083,17.417173766849245,58.68018569394090,926.1124965300679,10.264887040043819
7753513000281,Heidelbeeren Nature's Pride,100,138.000,1110.583,0.5,83,245,0.6
8713128164678,Greenyard Snack Gurken,100,82.000,1187.858,0.1,96,56,0.7
7610800997078,Chili con Carne,100,393.000,1190.792,4.709714896268765,73.78023981758080,441.6760262530524,6.8995870167162705
4006581020150,"Eilles Gourmet Caffè Crema ganze Bohnen, 1kg",100,1081.000,1200.622,15.4,5.5,1660,14.6
4388840222810,"Ja! –Caffè Crema, ganze Bohnen",100,1081.000,1200.622,15.4,5.5,1660,14.6
4337185057946,K Classic Hähnchenbrust In Aspik,100,678.000,1206.804,1.322456014619854,72.29033831721490,445.8417970769111,22.37098127805794
8017494057030,Villa Sandi Prosecco Frizzante DOC,100,140.000,1273.885,0,89,293,0.2
4250262708022,Pusztasalat,100,116.000,1286.987,0.1399948433122556,88.84483242312160,121.77953518299539,0.5975190941472542
8004305000064,"Mezzacorona Merlot DOC Rotwein  2013 0,75 ltr",100,140.000,1297.017,0,89.6,287,0.2
4104420139848,Bio Spitzpaprika Rot Alnatura,100,126.000,1305.511,0.4,91.3,134,0.9
4400066903417,"Rotkäppchen Sekt trocken 0,75 ltr",100,146.000,1328.480,0,89,293,0.2
4311527560011,Gut&Günstig Kultur Champignons,100,168.000,1374.472,0.3,92,94,2.9
4104420008847,Bioland Champignon,100,170.000,1390.834,0.3,92,94,2.9
4013189484550,Dornseifer Chili con carne,100,475.000,1402.319,3.6623303856528127,71.17636164904760,412.1534110671888,8.148623936126558
9000143077359,Iglo Gastronomie - Rindsgulasch im 1-Portionen-Kochbeutel,100,599.000,1409.165,9.211828753903415,74.97434450756660,566.4436758264004,8.266975775668127
4001513000613,Gerolsteiner Sprudel,100,59.000,1475.000,0,100,0,0
4008366006939,FRoSTa Gemüse Pfanne Thai,100,198.000,1505.546,0.9346530816908899,86.57050605123810,180.4174776438988,1.676933512310122
4260122390892,True Fruits – Green Smoothie Nr. 1,100,188.000,1620.915,0,85.32203720614880,222.28708059675955,0.8914219175075477
4008100126152,"Hengstenberg Altmeister Kräuterwürzessig 0,75 ltr",100,137.000,1651.339,1.199999845964983e-05,82.79126209594340,83.33769000096501,0.08880175530372257
11210115262,McIlhenny TABASCO Brand Pepper Sauce Original 57 ml,100,134.000,1658.218,0.03418577287489264,90.81162819193200,110.26968018695081,0.4229798948940675
4388844020610,Rewe Beste Wahl Schwarze Bohnen in Chilisauce,100,433.000,1802.079,0.3600184347424399,72.22145025105240,381.861146321589,5.076578446345016
4311596468386,Gut & Güstig - Paella,100,952.000,2058.489,1.0157066036682223,87.8117957176826,473.98159603408095,18.00822099137393
4024297015024,Naturata Rotweinessig,100,140.000,2060.035,0,93.4,94,0.1
4003419025790,Schwarzwälder Schinken,100,1099.000,2107.972,2.270788146393998,70.46825647798300,422.9837747420926,19.4508388875129
4260167511047,Deutsches Essig-Brauhaus Deutscher Weisswein Essig 500 ml,100,146.000,2148.323,0,93.4,94,0.1
4311596423828,Gut & Günstig - Tafelessig,100,146.000,2148.323,0,93.4,94,0.1
2721448001760,Ja! Natürlich Klassischer Leberkäse,100,1400.000,2167.538,10.79642424236386,60.5587409714108,698.3905204815802,17.342013289490904
4006276084368,Dreistern Rindergulasch - in pikanter Sauce,100,733.000,2200.548,2.0964369546131274,76.02903154931820,350.4614189988944,9.917795709942533
7610200048066,M-Classic Borlotti-Bohnen,100,677.000,2306.552,0.5495712907513094,68.84827467897180,440.57298475229965,7.144426779767022
4013189482419,Dornseifer Rindergulasch,100,1044.000,2388.279,0.9100000000000261,45.63000000000320,407.8000000003867,13.360000000000104
20525255,Landjunker Rinderhackfleisch,100,1688.000,3035.731,1.5,74,433,22.2
4015051017262,Bio Bio Rinderhackfleisch,100,1688.000,3035.731,1.5,74,433,22.2
4013200255589,Rinatura Bio-Apfelessig naturtrüb,100,328.000,4263.062,0,92.6,109,0.4
4104420044906,"Alnatura demeter  Rinder Salami, geräuchert",100,2439.000,4487.194,1.4523614829261937,71.11865166128620,423.2907953188019,21.33841963997377